gene	m
A1CF	1
A2M	6
A2ML1	23
A3GALT2	1
A4GALT	38
AAAS	87
AACS	2
AADAC	7
AADACL2	1
AADAT	1
AAGAB	47
AAMP	1
AANAT	3
AAR2	1
AARS	28
AARS2	47
AASDH	3
AASDHPPT	1
AASS	15
AATF	2
ABAT	13
abattv3	2
ABCA1	268
ABCA10	1
ABCA12	158
ABCA13	18
ABCA2	11
ABCA3	295
ABCA4	1467
ABCA5	5
ABCA6	1
ABCA7	167
ABCA8	2
ABCB1	18
ABCB11	344
ABCB4	258
ABCB5	3
ABCB6	62
ABCB7	9
ABCB8	2
ABCB9	1
ABCC1	10
ABCC11	7
ABCC12	3
ABCC2	74
ABCC3	10
ABCC4	14
ABCC5	2
ABCC6	391
ABCC8	712
abcc8tv3	2
ABCC9	53
ABCD1	688
ABCD3	7
ABCD4	9
ABCE1	2
ABCG1	9
ABCG2	99
ABCG4	1
ABCG5	57
ABCG8	64
ABHD12	23
ABHD14B	1
ABHD15	2
ABHD17A	1
ABHD5	42
ABHD6	1
ABI1	1
ABI2	4
ABI3	1
ABI3BP	2
ABL1	7
ABL2	4
ABLIM1	2
ABO	163
ABR	2
ABRAXAS1	10
ABRAXAS2	2
ABTB1	2
AC145625.1	1
ACAA1	1
ACACA	8
ACACB	13
ACAD10	3
ACAD8	33
ACAD9	65
ACADL	2
ACADM	183
ACADS	88
ACADSB	24
ACADVL	332
ACAN	67
ACAP2	1
ACAP3	6
ACAT1	122
ACBD3	1
ACBD5	4
ACBD6	2
ACCS	1
ACCSL	1
ACD	13
ACE	55
ACE2	2
ACER3	1
acetv3	1
ACHE	6
ACKR1	11
ACKR2	3
ACKR3	2
ACLY	4
ACMSD	4
ACO1	1
ACO2	33
ACOT1	1
ACOT4	1
ACOT6	1
ACOT7	1
ACOX1	27
ACOX2	6
ACP2	3
ACP4	7
ACP5	30
ACP6	3
ACP7	1
ACRBP	1
ACSF2	1
ACSF3	29
ACSL1	2
ACSL4	8
ACSL5	3
ACSL6	1
ACSM2B	1
ACSM3	5
ACSM5	1
ACSS2	1
ACTA1	224
ACTA2	88
ACTB	70
ACTBL2	1
ACTC1	74
ACTG1	54
ACTG2	23
actg2e4	1
ACTL6A	3
ACTL6B	21
ACTL7B	1
ACTN1	30
ACTN2	53
actn2tv3	1
ACTN3	3
ACTN4	36
ACTR3B	1
ACTR3C	1
ACTR6	1
ACTRT1	6
ACTRT3	2
ACVR1	23
ACVR1B	2
ACVR1C	4
ACVR2B	7
ACVRL1	456
ACY1	15
ACY3	2
ADA	100
ADA2	79
ADAM10	17
ADAM12	1
ADAM17	9
ADAM18	3
ADAM19	2
ADAM20	1
ADAM22	4
ADAM23	1
ADAM28	1
ADAM29	1
ADAM33	4
ADAM3A	1
ADAM5	1
ADAM7	1
ADAM9	11
ADAMTS1	4
ADAMTS10	15
ADAMTS13	221
ADAMTS15	1
ADAMTS16	3
ADAMTS17	9
ADAMTS18	17
ADAMTS19	2
ADAMTS2	12
ADAMTS3	5
ADAMTS5	1
ADAMTS6	6
ADAMTS7	1
ADAMTS9	3
ADAMTSL1	5
ADAMTSL2	33
ADAMTSL3	3
ADAMTSL4	27
ADAP1	1
ADAR	233
ADARB1	1
ADAT1	1
ADAT3	2
ADCK1	1
ADCK5	1
ADCY1	1
ADCY10	12
ADCY2	4
ADCY3	9
ADCY5	30
ADCY6	4
ADCY7	2
ADCY8	2
ADCY9	6
ADCYAP1	1
ADCYAP1R1	1
ADD1	4
ADD2	1
ADD3	9
ADGRA3	9
ADGRB1	2
ADGRB2	4
ADGRB3	3
ADGRD1	23
ADGRE1	3
ADGRE2	1
ADGRE3	1
ADGRF1	1
ADGRF2	1
ADGRF4	3
ADGRF5	2
ADGRG1	37
ADGRG2	9
ADGRG4	3
ADGRG5	1
ADGRG6	9
ADGRG7	1
ADGRL1	3
ADGRL2	5
ADGRL3	2
ADGRV1	279
ADH1A	1
ADH1B	7
ADH1C	5
ADH4	3
ADH5	2
ADH7	3
ADIPOQ	25
ADIPOR1	6
ADIPOR2	1
ADK	17
ADM	2
ADNP	96
ADNP2	1
ADORA1	4
ADORA2A	2
ADORA3	5
ADPRH	1
ADPRHL1	1
ADPRHL2	11
ADPRM	1
ADRA1A	6
ADRA1D	1
ADRA2A	4
ADRA2B	7
ADRA2C	3
ADRB1	2
ADRB2	10
ADRB3	4
ADSL	60
ADSS	1
ADSSL1	3
ADTRP	1
AEBP1	9
AEBP2	1
AFAP1	1
AFDN	3
AFF2	29
AFF3	6
AFF4	6
AFG3L2	44
AFM	1
AFP	9
AFTPH	1
AGA	41
AGAP1	4
AGAP2	7
AGAP6	1
AGBL1	4
AGBL2	1
AGBL3	1
AGBL4	13
AGBL5	9
AGER	5
AGFG1	3
AGGF1	2
AGK	34
AGL	258
AGMO	4
AGO1	12
AGO2	2
AGO3	1
AGO4	4
AGPAT2	46
AGPAT5	1
AGPS	10
AGRN	21
AGRP	5
AGT	28
AGTPBP1	4
agtpbp1tv4	13
AGTR1	16
AGTR2	11
AGTRAP	1
AGXT	218
AGXT2	5
AHCTF1	1
AHCY	15
AHCYL2	1
AHDC1	42
AHI1	101
AHNAK	10
AHNAK2	6
AHR	5
AHRR	2
AHSG	7
AHSP	3
AICDA	51
AIF1	1
AIF1L	1
AIFM1	36
AIFM3	1
AIM2	1
AIMP1	9
AIMP2	3
AIP	113
AIPL1	83
AIRE	145
AJM1	1
AK1	14
AK2	20
ak2b	3
AK3	1
AK5	1
AK7	2
AK9	3
ak9tv2	1
AKAP1	1
AKAP10	3
AKAP11	9
AKAP12	4
AKAP13	8
AKAP2	8
AKAP4	2
AKAP5	2
AKAP6	1
AKAP9	47
AKIRIN2	1
AKNA	2
AKNAD1	1
AKR1B1	5
AKR1B15	1
AKR1C2	13
AKR1C3	12
AKR1C4	7
AKR1D1	21
AKR1E2	2
AKR7A2	1
AKR7A3	1
AKT1	12
AKT2	7
AKT3	34
AKTIP	2
ALAD	12
ALAS1	2
ALAS2	104
ALB	96
ALCAM	6
ALDH16A1	2
ALDH18A1	38
ALDH1A1	1
ALDH1A2	7
ALDH1A3	28
ALDH1B1	3
ALDH1L1	3
ALDH1L2	3
ALDH2	2
ALDH3A1	1
ALDH3A2	130
ALDH4A1	5
ALDH5A1	82
ALDH6A1	6
ALDH7A1	131
ALDH9A1	3
ALDOA	8
ALDOB	69
ALG1	47
ALG10	1
ALG10B	3
ALG11	20
ALG12	16
ALG13	15
ALG14	7
ALG2	7
ALG3	23
ALG6	27
ALG8	23
ALG9	4
ALK	16
ALKBH3	2
ALKBH4	1
ALKBH8	2
ALMS1	324
ALOX12	1
ALOX12B	81
ALOX15	10
ALOX15B	1
ALOX5	5
ALOX5AP	3
alox5api2	1
ALOXE3	25
aloxe3tv1	4
ALPG	2
ALPI	6
ALPK1	4
ALPK2	5
ALPK3	8
ALPL	305
ALPP	2
ALS2	83
ALS2CL	1
ALX1	5
ALX3	8
ALX4	28
AMACR	14
AMBN	13
AMBP	1
AMBRA1	4
AMD1	3
AMELX	28
AMELY	2
AMER1	43
AMER2	1
AMFR	1
AMH	98
AMHR2	97
AMMECR1	7
AMN	36
AMOT	2
AMOTL1	3
AMPD1	13
AMPD2	24
AMPD3	11
AMT	97
AMTN	1
AMY1A	1
AMY2B	1
AMZ1	2
AMZ2	1
ANAPC1	4
ANAPC10	2
ANAPC2	1
ANAPC5	3
ANAPC7	1
ANG	42
ANGPT1	5
ANGPT2	5
ANGPTL2	1
ANGPTL3	53
ANGPTL4	24
ANGPTL5	4
ANGPTL6	4
ANGPTL8	2
ANHX	2
ANK1	148
ank1tv10	2
ANK2	131
ANK3	21
ank3tv2	1
ANKDD1B	2
ANKFN1	1
ANKFY1	2
ANKH	22
ANKHD1	2
ANKK1	13
ANKLE1	2
ANKLE2	4
ANKRD1	25
ANKRD11	148
ankrd11tv1	17
ANKRD12	2
ANKRD13A	1
ANKRD13B	1
ANKRD13C	1
ANKRD13D	1
ANKRD16	1
ANKRD17	4
ANKRD18A	1
ANKRD22	1
ANKRD23	1
ANKRD24	1
ANKRD26	24
ANKRD30B	1
ANKRD31	2
ANKRD36	1
ANKRD36B	1
ANKRD36C	1
ANKRD44	1
ANKRD50	3
ANKRD6	8
ANKS1A	3
ANKS1B	13
anks1btv2	1
ANKS3	3
ANKS6	14
ANKZF1	5
ANLN	6
ANO10	29
ANO2	3
ANO3	31
ANO5	170
ANO6	6
ANO7	1
ANO9	2
ANOS1	196
ANP32A	1
ANP32B	1
ANP32D	2
ANPEP	1
ANTXR1	19
ANTXR2	57
ANXA1	3
ANXA11	17
ANXA5	3
ANXA6	1
ANXA7	1
AOAH	1
aoahtv2	1
AOC1	3
AOC2	1
AOC3	1
AOX1	16
AP1B1	1
AP1G1	2
AP1S1	2
AP1S2	15
AP1S3	6
AP2A2	1
AP2B1	1
AP2M1	1
AP2S1	7
AP3B1	38
AP3B2	12
AP3D1	4
AP3S2	1
AP4B1	22
AP4E1	19
AP4M1	18
AP4S1	8
AP5Z1	19
APAF1	21
APBA1	1
APBA2	15
APBB1	2
APBB2	1
APBB3	1
APC	2037
APC2	3
APCDD1	1
APCDD1L	1
APCS	1
APELA	2
APEX1	13
APEX2	1
APH1A	4
APH1B	1
API5	1
APLN	1
APLNR	1
APLP1	1
APOA1	83
APOA2	7
APOA4	10
APOA5	79
APOB	385
APOBEC3B	3
APOBEC3D	2
APOBEC3F	2
APOBEC3G	1
APOBEC3H	5
APOBR	2
APOC1	4
APOC2	25
APOC3	17
APOC4	2
APOD	3
APOE	69
APOH	7
APOL1	9
APOL3	1
APOL4	1
APOL5	1
APOL6	2
APOM	4
APOPT1	6
APP	115
APPL1	4
APPL2	2
APRT	51
APTX	48
AQP1	17
AQP2	70
AQP3	1
AQP4	8
AQP5	10
AQP7	2
AQR	2
AR	648
ARAF	1
ARAP1	5
ARAP3	2
ARC	11
ARCN1	4
AREL1	2
ARF1	3
ARF4	1
ARFGAP3	2
ARFGEF1	13
ARFGEF2	15
ARFGEF3	5
ARFIP1	1
ARFIP2	1
ARG1	74
ARGLU1	5
ARHGAP11A	1
ARHGAP18	1
ARHGAP19	2
ARHGAP20	1
ARHGAP21	5
ARHGAP24	10
ARHGAP25	1
ARHGAP28	1
ARHGAP29	19
ARHGAP30	1
ARHGAP31	7
ARHGAP32	8
ARHGAP33	3
ARHGAP35	2
ARHGAP4	1
ARHGAP40	1
ARHGAP42	2
ARHGAP44	1
ARHGAP45	2
ARHGAP5	5
ARHGAP6	4
ARHGAP8	1
ARHGAP9	1
ARHGDIA	3
ARHGEF1	3
ARHGEF10	24
ARHGEF10L	4
ARHGEF11	5
ARHGEF12	2
ARHGEF15	3
ARHGEF16	1
ARHGEF17	6
ARHGEF18	7
ARHGEF2	2
ARHGEF26	2
ARHGEF28	11
ARHGEF3	3
ARHGEF38	1
ARHGEF39	1
ARHGEF4	6
ARHGEF40	2
ARHGEF5	1
ARHGEF6	5
ARHGEF7	3
ARHGEF9	28
arhgef9tv2	1
ARID1A	40
ARID1B	257
ARID2	20
ARID3A	1
ARID3B	2
ARID3C	1
ARID4A	2
ARID5A	2
ARID5B	5
ARIH1	1
ARL11	5
ARL13B	10
ARL14EP	2
ARL15	5
ARL2	1
ARL2BP	6
ARL3	3
ARL5B	1
ARL6	21
ARL6IP1	5
ARL6IP5	1
ARL6IP6	3
ARL8A	2
ARMC2	5
ARMC3	2
ARMC4	28
ARMC5	58
ARMC8	1
ARMC9	11
ARMS2	3
ARNT2	7
ARNTL	1
ARNTL2	1
ARPC1B	16
ARPC3	1
ARR3	3
ARRB1	1
ARRB2	5
ARRDC4	1
ARSA	275
ARSB	223
arsbtv2	1
ARSE	47
ARSF	1
ARSG	3
ARSH	3
ARSI	2
ARSK	1
ART4	16
ARV1	3
ARVCF	3
ARX	110
AS3MT	9
ASAH1	73
ASAH2	1
ASAP1	1
ASAP2	4
ASAP3	1
ASB1	1
ASB10	26
asb10i3	5
ASB11	1
ASB14	1
ASB17	1
ASB3	1
ASB9	2
ASCC1	5
ascc1tv2	2
ASCC2	3
ASCC3	4
ASCL1	6
ASF1A	1
ASGR1	2
ASH1L	58
ASH2L	1
ASIC1	2
ASIC2	3
ASIC3	1
ASIC4	1
ASIP	1
ASL	172
ASMT	25
ASMTL	1
ASNS	34
ASPA	103
ASPG	1
ASPH	8
ASPM	223
ASPN	4
ASPRV1	4
ASRGL1	2
ASS1	163
ASTE1	2
ASTL	1
ASTN1	6
ASTN2	49
ASXL1	47
ASXL2	6
ASXL3	81
ATAD1	3
ATAD2	1
ATAD2B	1
ATAD3A	18
ATAD3B	2
ATAD3C	1
ATAD5	6
ATCAY	3
ATE1	3
ATF1	5
ATF3	2
ATF4	5
ATF5	1
ATF6	20
ATF7IP	1
ATG10	3
ATG12	4
ATG16L1	2
ATG16L2	1
ATG2B	2
ATG4A	1
ATG4C	1
ATG5	5
ATG7	11
ATG9A	1
ATIC	9
ATL1	90
ATL2	2
ATL3	5
ATM	1722
ATN1	13
ATOH1	1
ATOH7	9
ATOX1	1
ATP10A	8
ATP10B	2
ATP10D	1
ATP11B	2
ATP11C	3
ATP12A	1
ATP13A1	2
ATP13A2	53
ATP13A3	12
ATP13A4	4
ATP13A5	3
ATP1A1	14
atp1a1ic	1
ATP1A2	102
ATP1A3	132
ATP1A4	2
ATP1B1	6
ATP1B4	1
ATP23	1
ATP2A1	21
ATP2A2	293
atp2a2b	17
ATP2A3	8
ATP2B1	1
ATP2B2	11
atp2b2tv1	1
ATP2B3	7
ATP2B4	7
ATP2C1	214
ATP2C2	3
ATP4A	2
ATP5F1A	3
ATP5F1D	2
ATP5F1E	1
ATP5MD	1
ATP5MPL	1
ATP6AP1	5
ATP6AP2	7
ATP6V0A1	3
ATP6V0A2	59
ATP6V0A4	94
ATP6V0B	1
ATP6V0C	1
ATP6V0D1	2
ATP6V0D2	1
ATP6V1A	9
ATP6V1B1	63
ATP6V1B2	5
ATP6V1E1	2
ATP6V1H	2
ATP7A	377
ATP7B	1019
ATP8A1	2
ATP8A2	14
ATP8B1	146
ATP8B2	2
ATP8B3	4
ATP8B4	2
ATP9B	1
ATPAF2	2
ATR	47
ATRIP	2
ATRN	3
ATRNL1	3
ATRX	179
ATXN1	8
ATXN10	4
ATXN1L	1
ATXN2	48
ATXN2L	1
ATXN3	5
ATXN7	7
ATXN8	2
ATXN8OS	5
AUH	12
AUP1	1
AURKA	6
AURKB	4
AURKC	5
AUTS2	68
AVP	87
AVPR1A	5
AVPR1B	2
AVPR2	287
AXIN1	19
AXIN2	32
AXL	9
AZF1	11
AZGP1	1
AZIN1	1
AZIN2	3
B2M	4
B3GALNT1	13
B3GALNT2	19
B3GALT1	1
B3GALT6	41
B3GAT1	1
B3GAT3	13
B3GLCT	15
B3GNT3	1
B4GALNT1	13
B4GALNT2	4
B4GALNT3	1
B4GALNT4	1
B4GALT1	4
B4GALT3	1
B4GALT7	10
B4GAT1	7
B9D1	10
b9d1tv1	1
B9D2	4
BAALC	1
BAAT	7
BABAM1	1
BACE1	2
BACE2	9
BACH1	1
BACH2	2
BAD	1
BAG3	90
BAG6	3
BAHCC1	1
BAHD1	2
BAIAP2	3
BAIAP2L1	1
BAIAP3	1
BAMBI	4
BANF1	1
BANK1	6
BANP	3
BAP1	198
BARD1	206
BARX1	1
BASP1	1
BAX	2
BAZ1A	4
BAZ1B	5
BAZ2B	9
BBIP1	1
BBOX1	2
BBS1	115
BBS10	115
BBS12	64
BBS2	100
BBS4	58
BBS5	33
BBS7	50
BBS9	59
BBX	2
BCAM	30
BCAP31	9
BCAR1	2
BCAS3	2
BCAT1	2
BCAT2	6
BCCIP	3
BCDIN3D	1
BCHE	81
BCKDHA	104
BCKDHB	127
BCKDK	6
BCL10	3
BCL11A	37
BCL11B	14
BCL2	3
BCL2A1	1
BCL2L10	2
BCL2L11	3
BCL2L14	1
BCL2L2	1
BCL6	1
BCL9	9
BCL9L	2
BCLAF1	3
BCO1	5
BCO2	1
BCOR	70
BCORL1	8
BCR	4
BCS1L	41
BDH1	1
BDKRB2	7
BDNF	39
BDP1	1
BEAN1	2
BECN1	1
BEND2	1
BEND3	1
BEST1	339
best1tvx10	1
BEST3	1
best3tv1	1
best3tv4	1
BEX3	1
BFAR	3
BFSP1	7
BFSP2	7
BGLAP	1
BGN	9
BHLHA9	48
BHLHE40	2
BHLHE41	4
BHMT	7
BICC1	5
BICD1	1
BICD2	39
BICRA	1
BICRAL	1
BIN1	20
bin1ms	1
BIRC2	5
BIRC3	1
BIRC5	4
BIRC6	7
BLK	32
BLM	151
BLMH	1
BLNK	6
BLOC1S3	4
BLOC1S6	2
BLVRA	3
BMI1	2
BMP1	25
bmp1-1	3
BMP10	5
BMP15	29
BMP2	41
BMP2K	4
BMP3	2
BMP4	61
BMP5	9
BMP6	9
BMP7	8
BMP8A	1
BMP8B	2
BMPER	23
BMPR1A	152
BMPR1B	36
BMPR2	637
BMS1	2
BMT2	2
BNC1	3
BNC2	18
bnctv2	1
BNIP1	1
BOC	6
BOD1	2
BOLA2	2
BOLA3	8
BPGM	11
BPI	1
BPIFA1	4
BPIFA3	2
BPIFB1	1
BPIFB4	1
BPIFB6	2
BPIFC	3
BPTF	15
BRAF	82
BRAFP1	1
BRAP	2
BRAT1	23
BRCA1	3273
BRCA2	3559
BRCC3	3
BRD1	1
BRD2	1
BRD3	3
BRD4	17
BRD7	1
BRDT	1
BRF1	17
BRF2	1
BRINP2	2
BRIP1	243
BROX	1
BRPF1	22
BRPF3	1
BRSK1	3
BRSK2	10
BRWD1	5
BRWD3	28
BSCL2	51
bscl2i3	1
bscl2tv1	8
BSG	5
bsgtv1	3
BSN	9
BSND	26
BST1	2
BST2	3
BTAF1	2
BTBD11	1
BTBD2	1
BTBD7	1
BTBD8	1
BTBD9	7
btbd9tv4	1
BTC	4
BTD	266
BTG1	1
BTG2	1
BTK	934
btktv3	1
BTLA	1
BTN1A1	2
BTN2A1	1
BTN2A2	1
BTN3A2	1
BTNL2	11
BTNL8	2
BTRC	8
BUB1	20
BUB1B	33
BUB3	6
BUD13	2
BUD23	4
BVES	3
C10orf71	1
C10orf90	3
C11orf24	1
C11orf40	2
C11orf53	1
C11orf65	1
C11orf80	2
C12orf10	3
C12orf4	7
C12orf43	1
C12orf57	8
C12orf65	11
C12orf66	1
C12orf74	1
C14orf28	1
C14orf39	1
C14orf93	3
C15orf32	1
C15orf38-AP3S2	1
C15orf41	7
C15orf62	2
C16orf72	1
C16orf90	1
C16orf96	1
C17orf47	1
C17orf49	1
C17orf53	1
C17orf58	1
C17orf82	1
C17orf97	1
C18orf25	2
C18orf63	1
C19orf12	51
C19orf18	1
C19orf44	1
C19orf48	1
C19orf57	1
C1GALT1	1
C1orf100	1
C1orf105	1
C1orf127	1
C1orf141	1
C1orf167	1
C1orf185	1
C1orf194	2
C1orf68	3
C1QA	9
C1QB	8
C1QBP	7
C1QC	11
C1QTNF12	1
C1QTNF2	1
C1QTNF4	2
C1QTNF5	8
C1R	20
C1S	11
C2	11
C20orf194	1
C20orf197	1
C20orf96	1
C21orf2i4	1
C21orf91	1
C22orf31	1
C2CD3	15
c2cd3tv1	1
C2CD4B	1
C2CD4D	1
C2orf16	3
C2orf40	1
C2orf42	3
C2orf48	1
C2orf70	1
C2orf73	1
C2orf80	1
C3	133
C3AR1	4
C3orf18	1
C3orf20	1
C3orf35	2
C3orf67	1
C4A	9
C4B	9
C4BPA	7
C4BPB	1
C4orf19	1
C4orf36	1
C4orf54	3
C5	23
C5AR2	4
c5orf42a	1
C5orf66	1
C6	14
C6orf106	1
C6orf132	3
C6orf15	2
C6orf222	1
C6orf223	1
C7	34
C7orf31	1
C8A	8
C8B	13
C8orf37	17
C9	11
C9orf57	1
C9orf72	26
CA1	2
CA10	1
CA12	4
CA13	1
CA2	31
CA3	1
CA4	11
CA5A	7
CA5B	1
CA6	1
CA8	5
CABIN1	6
CABLES1	4
CABP1	1
CABP2	6
CABP4	14
CABP7	1
CACHD1	1
CACNA1A	262
cacna1ai4	5
cacna1atv1	5
CACNA1B	8
CACNA1C	82
cacna1ct10	1
cacna1ct11	2
cacna1ct23	4
CACNA1D	15
cacna1dtv3	3
CACNA1E	28
CACNA1F	259
CACNA1G	14
cacna1gtv5	1
CACNA1H	72
CACNA1I	4
CACNA1S	66
CACNA2D1	18
CACNA2D2	10
CACNA2D3	9
CACNA2D4	9
CACNB1	1
CACNB2	24
cacnb2i1	1
cacnb2i2	5
cacnb2i4	4
cacnb2i5	2
CACNB3	2
CACNB4	7
CACNG1	1
CACNG2	2
CACNG3	1
CACNG4	1
CACNG7	1
CACUL1	1
CAD	12
CADM1	4
CADM2	1
CADPS	6
CADPS2	3
CALCA	2
CALCB	1
CALCOCO2	1
CALCR	2
CALCRL	2
calcrtv1	1
CALHM1	3
CALHM3	1
CALM1	13
CALM2	11
CALM3	5
CALML4	1
CALN1	2
CALR	5
CALR3	5
CAMK1D	1
CAMK2A	17
CAMK2B	12
CAMK2D	1
CAMK2G	2
CAMK4	6
CAMKK1	1
CAMKK2	2
CAMLG	1
CAMP	1
CAMSAP1	2
CAMSAP2	2
CAMSAP3	2
CAMTA1	14
CAMTA2	4
CAND1	1
CANT1	28
CANX	2
CAP2	3
CAPG	2
CAPN1	30
CAPN10	8
CAPN11	1
CAPN12	5
CAPN13	1
CAPN14	1
CAPN15	1
CAPN2	1
CAPN3	515
CAPN5	12
CAPN9	3
CAPRIN1	2
CAPRIN2	2
CAPS	5
CAPS2	1
CAPZA1	2
CAPZB	2
CARD10	6
CARD11	33
CARD14	51
CARD6	3
CARD8	2
CARD9	36
CARM1	1
CARMIL1	2
CARMIL2	14
CARNMT1	1
CARNS1	1
CARS	7
CARS2	6
CARTPT	2
CASC1	1
CASC16	1
CASC4	1
CASK	131
CASKIN2	2
casktv3	1
CASP1	11
CASP10	9
CASP12	1
CASP14	1
CASP2	1
CASP3	8
CASP4	1
CASP5	1
CASP7	2
casp7ie	1
CASP8	13
CASP8AP2	2
casp8tvg	1
CASP9	12
CASQ1	7
CASQ2	37
CASR	426
CAST	20
CASZ1	7
CAT	20
CATSPER1	4
CATSPER2	8
CATSPER3	1
CATSPER4	3
CATSPERE	1
CATSPERG	1
CAV1	15
CAV3	51
CAVIN1	15
CAVIN4	8
CBFA2T2	1
CBFA2T3	1
CBFB	2
CBL	48
CBLB	7
CBLC	1
CBLIF	22
CBLL1	2
CBR1	4
CBR3	5
CBR4	1
CBS	216
CBX2	6
CBX4	1
CBX5	2
CBX8	2
CC2D1A	8
CC2D2A	100
cc2d2atv2	1
CC2D2B	1
CCAR1	2
CCAR2	4
CCAT2	1
CCBE1	15
CCDC103	6
CCDC105	1
CCDC110	1
CCDC114	10
CCDC115	5
CCDC116	2
CCDC120	1
CCDC126	1
CCDC136	1
CCDC137	1
CCDC14	1
CCDC141	2
CCDC148	2
CCDC149	1
CCDC151	4
CCDC158	1
CCDC159	1
CCDC160	1
CCDC170	5
CCDC171	1
CCDC174	1
CCDC18	7
CCDC180	2
CCDC183	1
CCDC186	1
CCDC198	1
CCDC22	8
CCDC27	1
CCDC28B	2
CCDC30	6
CCDC33	1
CCDC39	51
CCDC40	53
CCDC47	5
CCDC50	4
CCDC57	2
CCDC6	1
CCDC65	3
CCDC66	2
CCDC7	1
CCDC78	5
CCDC8	3
CCDC81	1
CCDC82	3
CCDC84	2
CCDC85C	2
CCDC87	1
CCDC88A	4
CCDC88C	14
CCDC89	1
CCDC9	1
CCDC90B	1
CCDC91	1
CCDC92	2
CCER2	4
CCHCR1	8
CCK	2
CCKAR	6
CCKBR	5
CCL11	3
CCL13	1
CCL17	1
CCL2	3
CCL22	1
CCL26	2
CCL3L1	1
CCL4L2	2
CCL5	4
CCL7	1
CCM2	96
CCN1	1
CCN2	4
CCN3	1
CCN6	73
CCNA2	1
CCNB1	4
CCNB1IP1	1
CCNB3	2
CCND1	7
CCND2	11
CCND3	3
CCNE1	2
CCNF	23
CCNH	2
CCNJ	1
CCNJL	1
CCNK	4
CCNL1	1
CCNO	10
CCNQ	11
CCNT2	2
CCP110	1
CCPG1	1
CCR1	1
CCR2	2
ccr2ib	1
CCR3	3
CCR4	1
CCR5	28
CCR6	1
CCR7	2
CCRL2	1
CCS	5
CCSER1	1
CCT2	4
CCT4	2
CCT5	1
CCT6B	2
cct6btv1	1
CCT7	3
CCT8L2	1
CD101	5
CD109	2
CD14	4
CD151	7
CD163	2
CD163L1	5
CD164	1
CD177	6
CD19	10
CD1A	5
CD1C	1
CD1D	2
CD1E	2
CD2	1
CD207	4
CD209	6
CD22	2
CD226	3
CD24	2
CD244	3
CD247	6
CD248	1
CD27	8
CD274	5
CD276	1
CD2AP	20
CD300LF	3
CD300LG	1
CD320	3
CD33	10
CD36	46
CD38	3
CD3D	7
CD3E	8
CD3EAP	4
CD3G	4
CD4	1
CD40	15
CD40LG	248
CD44	7
CD46	89
CD5	4
CD53	2
CD55	26
CD58	4
CD59	8
CD6	1
CD70	4
CD72	2
CD79A	8
CD79B	3
CD80	2
CD81	2
CD83	1
CD84	1
CD86	4
CD8A	1
CD9	1
CD96	5
CD99L2	1
CDA	6
CDADC1	1
CDAN1	70
CDC14A	9
CDC20	1
CDC23	2
CDC25A	1
CDC25C	2
CDC27	1
CDC34	1
CDC42	11
CDC42BPA	3
CDC42BPB	7
CDC42BPG	1
CDC42EP1	1
CDC45	20
CDC5L	3
CDC6	5
CDC7	2
CDC73	114
CDCA7	6
CDCA7L	3
CDCA8	4
CDH1	383
CDH10	2
CDH11	11
CDH12	2
CDH13	11
CDH15	9
CDH16	1
CDH18	7
CDH19	4
CDH2	11
CDH20	1
CDH23	394
cdh23tv6	11
cdh23tv8	1
CDH24	1
CDH3	34
CDH4	5
CDH5	3
CDH6	1
CDH8	4
CDH9	1
CDHR1	55
CDHR2	1
CDHR3	1
CDIP1	1
CDK1	1
CDK10	8
CDK11A	3
CDK11B	1
CDK12	7
CDK13	32
CDK16	1
CDK18	2
CDK19	1
CDK2	1
CDK20	2
CDK4	22
CDK5	5
CDK5R1	8
CDK5R2	1
CDK5RAP1	1
CDK5RAP2	31
CDK5RAP3	1
CDK6	1
CDK8	8
CDK9	2
CDKAL1	1
CDKL1	2
CDKL3	1
CDKL4	1
CDKL5	470
cdkl5tv2	1
cdkl5tv3	1
CDKN1A	8
CDKN1B	26
CDKN1C	83
CDKN2A	249
cdkn2ai3	2
CDKN2AIP	2
CDKN2B	14
CDKN2B-AS1	5
CDKN2C	2
CDKN3	1
CDO1	6
CDON	14
CDSN	16
CDT1	12
CDX1	2
CDX2	4
CDYL2	1
CEACAM1	1
CEACAM16	7
CEACAM18	1
CEACAM21	1
CEACAM4	1
CEACAM6	1
CEBPA	18
CEBPE	8
CEBPG	1
CEL	28
CELA1	2
CELA2A	4
CELF2	1
CELF4	3
CELF6	1
CELSR1	69
CELSR2	29
CELSR3	25
CEMIP	4
CEMIP2	1
CENPBD1	1
CENPE	5
CENPF	14
CENPH	1
CENPI	2
CENPJ	13
CENPT	14
CEP104	7
CEP120	10
CEP126	1
CEP128	2
CEP131	1
CEP135	5
CEP152	25
CEP162	1
CEP164	9
CEP170	3
CEP170B	5
CEP19	2
CEP192	3
CEP250	7
CEP290	317
CEP295	2
CEP350	2
CEP41	17
CEP55	3
CEP57	6
CEP57L1	1
CEP63	3
CEP68	2
CEP76	1
CEP78	11
CEP83	11
CEP85	1
CEP85L	2
CEP89	3
CEP95	1
CEP97	2
CER1	3
CERK	1
CERKL	48
CERS1	2
CERS2	1
CERS3	10
CERS6	1
CES1	5
CES2	5
CES4A	1
CETP	71
CFAP298	4
CFAP300	5
CFAP410	23
CFAP43	22
CFAP44	14
CFAP45	2
CFAP46	1
CFAP47	1
CFAP52	1
CFAP53	4
CFAP54	1
CFAP57	2
CFAP58	1
CFAP61	1
CFAP65	3
cfap65tv2	1
CFAP69	4
CFAP70	1
CFAP74	2
CFB	29
CFC1	23
CFD	3
CFDP1	2
CFH	358
CFHR1	18
CFHR2	7
CFHR3	9
CFHR4	5
CFHR5	41
cfhtv2	1
CFI	164
CFL2	9
CFLAR	2
cflartv7	2
CFP	19
CFTR	1908
CGA	1
CGB3	3
CGGBP1	1
CGNL1	5
CGRRF1	1
CH25H	4
CHAD	1
CHADL	1
CHAF1A	2
CHAF1B	2
CHAMP1	21
CHAT	77
chattvs	3
CHCHD10	28
chchd10tv1	2
CHCHD2	14
CHD1	8
CHD1L	19
CHD2	91
CHD3	29
CHD4	35
CHD5	4
CHD6	3
CHD7	925
chd7tv2	1
CHD8	130
CHD9	2
CHDH	2
CHEK1	1
CHEK2	342
CHERP	2
CHFR	1
CHGA	7
CHGB	8
CHI3L1	5
CHI3L2	1
CHIA	8
CHIC1	1
CHID1	1
CHIT1	8
CHKB	29
CHL1	14
CHM	310
CHMP1A	3
chmp1ai1	1
CHMP2A	3
CHMP2B	25
CHMP3	1
CHMP4B	3
CHMP4C	1
CHN1	11
CHN2	2
CHP2	1
CHPF2	1
CHRD	2
CHRDL1	22
CHRFAM7A	1
CHRM1	3
CHRM2	3
CHRM3	8
CHRM4	1
CHRNA1	36
CHRNA10	1
chrna1tv1	1
CHRNA2	14
CHRNA3	10
CHRNA4	32
CHRNA5	10
CHRNA6	13
CHRNA7	62
CHRNA9	4
CHRNB1	11
CHRNB2	14
CHRNB3	7
CHRNB4	11
CHRND	30
CHRNE	142
CHRNG	37
CHST11	4
CHST14	22
CHST2	1
CHST3	41
CHST6	180
CHST8	3
CHST9	1
CHSY1	17
CHTF18	1
CHTOP	1
CHUK	5
CIAO1	1
CIAO3	1
CIB1	5
CIB2	20
CIB3	1
CIC	11
cictv1	2
CIDEA	1
CIDEC	1
CIITA	21
CILK1	17
CILP	1
CILP2	1
CINP	2
CIP2A	1
CIR1	2
CISD2	6
CISH	4
CIT	17
CITED2	19
CIZ1	3
CKAP2L	7
CKAP5	3
CKB	4
CKM	2
CKMT2	2
CLASP1	4
CLASP2	3
CLCA1	2
CLCA2	4
CLCA4	1
CLCF1	4
CLCN1	321
CLCN2	47
CLCN3	1
CLCN4	19
CLCN5	275
CLCN6	4
CLCN7	113
CLCNKA	7
CLCNKB	160
CLDN1	4
CLDN10	8
CLDN14	16
CLDN16	69
CLDN19	22
CLDN2	1
CLDN4	1
CLDN6	1
CLDN8	1
CLDN9	1
CLEC11A	1
CLEC12B	1
CLEC16A	3
CLEC1A	1
CLEC2D	2
CLEC3A	2
CLEC3B	1
CLEC4C	1
CLEC4F	1
CLEC4M	4
CLEC7A	1
CLECL1	1
CLHC1	1
CLIC2	3
CLIC5	2
CLIC6	1
CLIP1	3
CLIP2	1
CLIP3	1
CLK2	2
CLMN	1
CLMP	14
CLN3	81
CLN5	57
CLN6	100
CLN8	50
CLNK	2
CLNS1A	1
CLOCK	5
CLP1	2
CLPB	26
CLPP	13
CLPS	1
CLPTM1	4
CLPTM1L	2
CLPX	3
CLRN1	39
clrn1tv4	2
CLRN2	2
CLSPN	4
CLSTN1	1
CLSTN2	4
CLSTN3	2
CLTA	1
CLTC	14
CLTCL1	25
CLU	23
CLUAP1	4
CLUH	2
CLUL1	1
CLYBL	1
CMA1	2
CMAS	1
CMC2	1
CMIP	4
CMPK1	2
CMPK2	2
CMTR1	1
CMYA5	7
CNBP	1
CNDP1	3
CNDP2	3
CNGA1	35
CNGA2	2
CNGA3	165
CNGA4	2
CNGB1	74
CNGB3	130
CNKSR1	2
CNKSR2	11
CNKSR3	2
CNN2	2
CNNM1	1
CNNM2	9
CNNM3	1
CNNM4	29
CNOT1	6
CNOT11	1
CNOT2	3
CNOT3	26
CNOT4	3
CNOT6	1
CNOT8	1
CNP	1
CNPY2	1
CNPY3	6
CNR1	30
CNR2	4
CNST	2
CNTF	1
CNTFR	1
CNTLN	2
CNTN1	2
CNTN2	6
CNTN3	4
CNTN4	17
CNTN5	11
CNTN6	66
CNTNAP1	24
CNTNAP2	92
CNTNAP3	1
CNTNAP4	7
CNTNAP5	9
CNTRL	4
CNTROB	1
COA3	2
COA5	1
COA6	3
COA7	7
COASY	5
COBL	3
COBLL1	2
COCH	31
COG1	3
COG2	4
COG4	6
COG5	18
COG6	14
COG7	6
COG8	8
COL10A1	57
COL11A1	122
COL11A2	63
COL12A1	21
COL13A1	16
COL14A1	1
COL15A1	8
COL16A1	1
COL17A1	121
COL18A1	37
col18a1l	10
col18a1tv3	1
COL19A1	1
COL1A1	1169
COL1A2	598
COL20A1	4
COL22A1	7
COL23A1	2
COL24A1	1
COL25A1	4
COL27A1	12
COL2A1	591
COL3A1	708
COL4A1	168
COL4A2	19
COL4A3	290
COL4A3BP	8
COL4A4	261
COL4A5	1169
COL4A6	7
COL5A1	199
COL5A2	44
COL5A3	3
COL6A1	191
COL6A2	241
col6a2tv2c2a	1
COL6A3	242
COL6A4P1	2
COL6A5	11
COL6A6	4
COL7A1	873
COL8A2	10
COL9A1	8
COL9A2	17
COL9A3	24
COLCA2	3
COLEC10	4
COLEC11	13
COLEC12	2
COLGALT1	5
COLGALT2	2
COLQ	70
colqtv2	1
COMMD1	1
COMP	191
COMT	15
COP1	2
COPA	9
COPB2	4
COPG1	1
COPS2	1
COQ2	38
COQ4	23
COQ5	2
COQ6	18
coq6ib	2
COQ7	7
COQ8A	56
COQ8B	29
COQ9	5
CORIN	10
CORO1A	11
CORO2B	1
CORO7	1
COX10	13
COX11	1
COX14	1
COX15	5
COX20	5
COX4I1	4
COX4I2	1
COX5A	1
COX6A1	1
COX6A2	2
COX6B1	3
COX6B2	1
COX7A1	1
COX7A2	1
COX7A2L	1
COX7B	5
COX7C	1
COX8A	1
COX8C	1
CP	65
CPA1	48
CPA4	2
CPA6	17
CPAMD8	7
CPB1	9
CPB2	8
CPD	2
CPE	4
CPEB1	6
CPEB3	1
CPEB4	1
CPLANE1	125
CPLX1	3
CPLX2	1
CPN1	3
CPNE2	1
CPNE4	1
CPNE6	1
CPOX	76
CPPED1	1
CPQ	1
CPS1	280
CPSF1	6
CPT1A	53
CPT1B	5
CPT1C	4
CPT2	115
CPVL	6
CPXM1	3
CPXM2	1
CPZ	1
CR1	32
CR1L	2
CR2	20
CRACR2A	1
CRACR2B	1
CRADD	7
CRAMP1	1
CRAT	2
CRB1	367
crb1a	3
CRB2	27
CRBN	6
CREB1	8
CREB3	1
CREB3L1	5
CREB3L3	9
creb3l3tv4	1
CREB3L4	1
CREB5	1
CREBBP	383
CREBL2	1
CREBRF	1
CRELD1	16
creld1tv1	2
CRELD2	1
CRH	3
CRHR1	4
CRHR2	2
CRIM1	4
CRIPAK	4
CRIPT	4
CRISP2	1
CRISPLD1	1
CRISPLD2	3
CRK	3
CRKL	16
CRLF1	37
CRLF3	2
CRMP1	2
CROCC	2
CRP	12
CRPPA	55
CRTAP	32
CRTC3	2
CRX	117
CRY1	3
CRY2	4
CRYAA	28
CRYAB	32
CRYBA1	14
CRYBA2	2
CRYBA4	11
CRYBB1	20
CRYBB2	30
CRYBB3	7
CRYBG3	4
CRYGA	2
CRYGB	3
CRYGC	31
CRYGD	28
CRYGEP	1
CRYGS	9
CRYL1	1
CRYM	4
CRYZ	2
CRYZL1	1
CSAD	2
CSDE1	3
CSF1	3
CSF1R	125
CSF2	2
CSF2RA	17
CSF2RB	6
CSF3R	20
CSGALNACT1	5
CSH1	4
CSK	2
CSMD1	46
CSMD2	4
CSMD3	11
CSNK1D	3
CSNK1E	6
CSNK1G1	3
CSNK1G3	8
CSNK2A1	22
CSNK2A2	2
CSNK2A3	1
CSNK2B	7
CSPG4	3
CSPP1	30
CSRP1	1
CSRP2	1
CSRP3	36
CST3	6
CST6	1
CST9	2
CSTA	8
CSTB	15
CSTF2	1
CSTF2T	2
CSTF3	1
CT45A5	1
CT45A9	1
CT47B1	1
CTBP1	1
CTBP2	8
CTC1	44
CTCF	20
CTCFL	1
ctd-2378e21.1	1
CTDP1	1
CTDSP1	1
CTF1	2
CTH	10
CTHRC1	1
CTIF	1
CTLA4	75
CTNNA1	16
CTNNA2	7
ctnna2i2	1
CTNNA3	56
CTNNB1	66
CTNND1	18
CTNND2	39
CTNS	168
CTPS1	4
CTPS2	1
CTR9	8
CTRB1	2
CTRC	52
CTRL	1
CTSA	40
CTSB	6
CTSC	106
CTSD	20
CTSF	11
CTSG	1
CTSH	1
CTSK	59
CTSL	1
CTSZ	2
CTTN	1
CTTNBP2	34
CTU2	6
CUBN	62
CUL1	1
CUL2	1
CUL3	35
CUL4B	41
CUL5	1
CUL7	95
CUL9	5
CUX1	9
CUX2	3
CUZD1	1
CWC22	1
CWC27	7
CWF19L1	6
CWF19L2	1
CX3CL1	1
CX3CR1	5
CXCL10	1
CXCL11	1
CXCL12	1
cxcl12tv1	1
CXCL16	2
CXCL5	2
CXCL8	4
CXCR1	8
CXCR2	6
CXCR3	1
cxcr3tv2	1
CXCR4	16
cxcr4tv1	3
CXorf56	1
CXXC1	1
CYB561	2
CYB5A	7
CYB5R2	1
CYB5R3	78
CYB5R4	2
CYBA	81
CYBB	814
CYBC1	1
CYBRD1	4
CYC1	2
CYCS	4
CYFIP1	8
CYFIP2	11
CYLD	115
CYP11A1	41
CYP11B1	171
CYP11B2	58
CYP17A1	137
CYP19A1	76
CYP1A1	11
CYP1A2	19
CYP1B1	274
CYP21A2	359
CYP24A1	47
CYP26A1	5
CYP26B1	13
CYP26C1	14
CYP27A1	118
CYP27B1	85
CYP27C1	3
CYP2A13	9
CYP2A6	38
CYP2B6	31
CYP2C18	2
CYP2C19	61
CYP2C8	9
CYP2C9	66
CYP2D6	90
CYP2D7	1
CYP2E1	10
CYP2F1	2
CYP2G1P	2
CYP2G2P	2
CYP2J2	7
CYP2R1	6
CYP2U1	21
CYP2W1	1
CYP39A1	5
CYP3A4	35
CYP3A43	5
CYP3A5	16
CYP3A51P	1
CYP3A7	3
CYP46A1	3
CYP4A11	10
CYP4A22	2
CYP4B1	1
CYP4F11	2
CYP4F12	4
CYP4F2	4
CYP4F22	51
CYP4F3	1
CYP4V2	105
CYP4Z1	1
CYP51A1	7
CYP7A1	4
CYP7B1	69
CYSLTR1	3
CYSLTR2	2
CYTH1	1
CYTL1	1
CZIB	1
D2HGDH	46
DAAM1	5
DAAM2	7
DAB1	2
DAB2	3
DAB2IP	3
DACH1	1
DACH2	1
DACT1	9
DAG1	12
DAGLA	23
DAGLB	1
DALRD3	2
DAND5	1
DAO	13
DAOA	1
DAP3	3
DAPK1	6
DAPK3	1
DAPP1	1
DARS	18
DARS2	66
DAW1	3
DAZ1	4
DAZ2	2
DAZ4	1
DAZL	4
DBF4B	2
DBH	26
DBI	1
DBNL	5
DBR1	5
DBT	84
DBX1	1
DBX2	1
DCAF1	1
DCAF10	1
DCAF11	2
DCAF12	1
DCAF12L1	1
DCAF13	6
DCAF15	1
DCAF17	21
DCAF4	2
DCAF4L2	3
DCAF5	1
DCAF6	1
DCAF7	1
DCAF8	1
DCAKD	2
DCBLD1	1
DCBLD2	2
DCC	42
DCDC2	11
DCDC2B	1
DCDC5	3
DCHS1	29
DCHS2	11
DCK	3
DCLK1	2
DCLK2	1
DCLK3	1
DCLRE1A	3
DCLRE1B	1
DCLRE1C	99
DCN	6
DCP1B	2
DCPS	4
DCST1	1
DCST2	1
DCSTAMP	1
DCTD	1
DCTN1	60
DCTN2	3
DCTN4	3
DCTN5	1
DCUN1D3	1
DCX	150
DCXR	2
dcxtv1	2
DDAH1	2
DDAH2	2
DDB1	2
DDB2	17
DDC	64
DDHD1	13
ddhd1tv3	3
DDHD2	21
DDI1	1
DDO	2
DDOST	2
DDR1	1
DDR2	13
DDRGK1	1
DDTL	1
DDX1	1
DDX10	3
DDX11	16
DDX20	3
DDX23	3
DDX24	4
DDX25	2
DDX27	1
DDX39B	2
DDX3X	95
DDX3Y	1
DDX41	31
DDX42	1
DDX46	1
DDX47	1
DDX5	2
DDX50	3
DDX53	5
DDX54	5
DDX58	11
DDX59	6
DDX6	6
DDX60	3
DEAF1	41
DEC1	1
DEF6	2
DEFA1	5
DEFA1A3	1
DEFA3	1
DEFA4	2
DEFB1	8
DEFB124	1
DEFB126	2
DEFB131A	1
DEFB4A	2
DEGS1	15
DEGS2	1
DENND1A	1
DENND2A	2
DENND2C	1
DENND3	3
DENND4A	2
DENND4B	1
DENND5A	9
DENND5B	1
DENR	2
DEPDC5	133
DEPDC7	2
DEPTOR	2
DES	133
DESI2	2
DGAT1	15
DGAT2	3
DGAT2L6	3
DGCR2	3
DGCR5	1
DGCR6	3
DGCR8	2
DGKA	4
DGKB	1
DGKD	5
DGKE	42
DGKG	1
DGKH	1
DGKQ	1
DGKZ	2
DGUOK	72
DHCR24	10
DHCR7	223
DHDDS	8
DHDH	1
DHFR	9
DHH	22
DHODH	20
DHPS	4
DHRS3	1
DHRS4L1	1
DHRS4L2	1
DHTKD1	25
DHX15	1
DHX16	5
DHX29	1
DHX30	6
DHX32	2
DHX34	4
DHX36	2
DHX37	9
DHX38	3
DHX40	1
DHX57	1
DHX58	1
DHX8	1
DHX9	1
DIABLO	2
DIAPH1	15
DIAPH2	5
DIAPH3	10
DICER1	186
DIDO1	2
DIO1	2
DIO2	2
DIP2A	5
DIP2B	7
DIP2C	4
DIPK2B	1
DIRAS2	1
DIRC3	1
DIS3	20
DIS3L2	16
DISC1	32
DISP1	12
DISP3	2
DKC1	77
DKK1	4
DKK2	1
DKK3	1
DKK4	1
DLAT	6
DLC1	27
DLD	23
DLEC1	4
dlec1tv3	1
DLEU7	1
DLG1	23
DLG2	29
dlg2tv2	16
dlg2tv3	1
DLG3	19
dlg3tv2	1
DLG4	13
DLG5	7
DLGAP1	10
DLGAP2	18
DLGAP3	7
DLGAP4	1
DLGAP5	1
DLK1	9
DLL1	32
DLL3	27
DLL4	20
DLST	6
DLX1	1
DLX3	12
DLX4	2
DLX5	12
DLX6	6
DMAC1	1
DMAC2	1
DMAP1	1
DMBT1	4
DMBX1	3
DMC1	2
DMD	4227
DMGDH	4
DMKN	1
DMP1	12
DMPK	8
DMRT1	21
DMRT2	1
DMRT3	2
DMRTA1	1
DMRTA2	1
DMTN	1
DMXL1	9
DMXL2	23
DNA2	15
DNAAF1	41
DNAAF2	6
DNAAF3	16
DNAAF4	22
DNAAF5	5
DNAH1	55
DNAH10	19
DNAH11	174
DNAH12	3
DNAH14	4
DNAH17	13
DNAH2	10
DNAH3	2
DNAH5	232
DNAH6	19
DNAH7	18
DNAH8	12
DNAH9	20
DNAI1	42
DNAI2	7
DNAJA1	1
DNAJA2	1
DNAJA3	1
DNAJB11	6
DNAJB13	3
DNAJB2	5
DNAJB5	2
DNAJB6	31
DNAJB9	1
DNAJC12	11
DNAJC13	20
DNAJC17	2
DNAJC19	6
DNAJC2	1
DNAJC21	13
DNAJC28	1
DNAJC3	4
DNAJC5	2
DNAJC6	15
DNAJC7	1
DNAJC9	1
DNAL1	5
DNAL4	1
DNASE1	41
DNASE1L1	1
DNASE1L2	62
DNASE1L3	11
DNASE2	13
DNASE2B	1
DND1	1
DNHD1	11
DNM1	33
DNM1L	28
DNM2	54
DNM3	4
DNMBP	9
DNMT1	27
DNMT3A	83
DNMT3B	66
dnmt3bdel	1
DNMT3L	2
DNPEP	1
DNTT	3
DOC2A	1
DOCK1	1
DOCK10	1
DOCK2	11
DOCK3	10
DOCK4	5
DOCK5	5
DOCK6	33
DOCK7	12
DOCK8	217
DOCK9	3
DOHH	1
DOK2	1
DOK3	1
DOK4	1
DOK7	77
DOLK	13
DONSON	26
DOP1A	3
DOT1L	4
DPAGT1	43
DPEP2	2
DPF2	10
DPH1	7
DPH3	1
DPH7	1
DPM1	10
DPM2	2
DPM3	3
DPP10	4
DPP3	1
DPP4	9
DPP6	12
dpp6i1	22
dpp6i3	2
DPP8	1
DPP9	1
DPT	2
DPY19L2	29
DPYD	127
DPYS	32
DPYSL2	8
DPYSL3	3
DPYSL5	5
DRAM2	13
DRC1	9
DRD1	12
DRD2	13
DRD3	3
DRD4	12
DRD5	5
DRG1	3
DRG2	1
DROSHA	9
DRP2	3
DSC2	92
DSC3	3
DSCAM	42
DSCAML1	7
DSE	3
DSEL	1
DSG1	40
DSG2	146
DSG3	2
DSG4	19
DSP	337
DSPP	59
DST	9
dst1eA	2
dsttv2	7
DSTYK	12
DTHD1	1
DTNA	8
dtnatv7	2
DTNB	1
DTNBP1	5
DTWD2	1
DTX1	1
DTX4	1
DTYMK	2
DUOX1	8
DUOX2	192
DUOXA1	3
DUOXA2	25
DUS1L	1
DUS2	1
DUSP1	1
DUSP13	1
DUSP14	2
DUSP15	2
DUSP22	4
DUSP23	2
DUSP3	2
DUSP6	6
DUT	1
DUX4L1	4
DVL1	19
DVL2	7
DVL3	16
DXO	1
DYDC2	1
DYM	42
DYNAP	1
DYNC1H1	104
DYNC1I1	8
DYNC1I2	4
DYNC1LI2	1
DYNC2H1	223
DYNC2LI1	16
DYNLRB2	1
DYRK1A	95
dyrk1atv3	7
DYRK1B	3
DYRK4	1
DYSF	621
dysftv11	3
dyt3	1
DYTN	1
DYX1	2
DZIP1	6
DZIP1L	5
DZIP3	1
E2F1	9
E2F2	1
E2F4	1
E2F6	1
E2F8	1
EAPP	1
EARS2	31
EBAG9	1
EBF1	1
EBF2	4
EBF3	27
EBLN1	1
EBP	94
ECD	1
ECE1	7
ECE2	1
ECEL1	40
ECH1	1
ECHDC3	1
ECHS1	43
ECI1	4
ECM1	67
ECM2	1
ECPAS	2
ECSIT	2
ECT2L	1
EDA	341
EDA2R	4
EDAR	69
EDARADD	11
EDC3	1
EDC4	3
EDEM1	1
EDEM2	1
EDIL3	1
EDN1	13
EDN2	2
EDN3	22
EDNRA	10
EDNRB	77
ednrbv2	1
EDRF1	2
EEA1	2
EED	11
EEF1A2	14
EEF1AKNMT	1
EEF1B2	1
EEF1D	2
EEF1DP3	1
EEF1G	2
EEF2	4
EEF2K	1
EEPD1	2
EFCAB12	1
EFCAB13	5
EFCAB3	1
EFCAB5	1
efcab5tv1	1
EFCAB6	3
EFCAB7	1
EFEMP1	9
EFEMP2	18
EFHC1	38
EFHC2	2
EFL1	7
EFNA1	2
EFNA2	1
EFNA3	1
EFNA4	2
EFNA5	4
EFNB1	125
EFNB2	7
EFNB3	1
EFR3A	1
EFR3B	1
EFTUD2	108
EGF	11
EGFL6	1
EGFL7	1
EGFLAM	1
EGFR	34
egfrtv4	1
EGLN1	69
EGLN2	7
EGR1	1
EGR2	26
EGR3	2
EHBP1	3
EHD1	2
EHD2	1
EHHADH	3
EHMT1	111
EHMT2	2
EI24	1
EID1	2
EIF2AK2	1
EIF2AK3	95
EIF2AK4	97
EIF2B1	9
EIF2B2	31
EIF2B3	24
EIF2B4	33
EIF2B5	101
EIF2S3	6
EIF3B	2
EIF3C	1
EIF3E	1
EIF3F	1
EIF3G	2
EIF3H	6
EIF3J	1
EIF4A1	2
EIF4A2	2
EIF4A3	2
EIF4E	1
EIF4E1B	1
EIF4ENIF1	2
EIF4G1	23
EIF4G2	4
EIF5	1
EIF5A2	1
ELAC2	35
ELANE	231
ELAVL2	3
ELAVL3	2
ELF2	2
ELF4	2
ELK1	3
ELL	2
ELL2	5
ELMO1	1
ELMO2	5
ELMO3	1
ELMOD1	1
ELMOD3	3
ELN	130
ELOA	2
ELOVL1	2
ELOVL4	19
ELOVL5	5
ELP1	6
ELP2	6
ELP3	1
ELP4	28
EMC1	7
EMC4	2
EMC8	2
EMD	117
EME1	2
EME2	2
EMG1	1
EMID1	1
EMILIN1	2
EMILIN2	3
EML1	7
EML3	1
EML4	1
EML6	1
EMP2	3
EMSY	2
EMX2	6
EN1	1
EN2	11
ENAH	1
ENAM	19
ENDOG	1
ENDOV	1
ENG	517
engtv2	1
ENHO	3
ENO1	2
ENO2	2
ENO3	6
ENOX1	2
ENPP1	80
ENPP2	1
ENSA	1
ENTPD1	8
ENTPD6	1
EOGT	9
EOMES	2
EP300	121
EP400	9
EPAS1	39
EPB41	15
EPB41L1	4
EPB41L3	2
EPB41L4A	1
EPB41L4B	1
EPB41L5	1
epb41tv1	1
EPB42	19
EPC1	2
EPC2	1
EPCAM	99
EPG5	75
EPHA1	9
EPHA2	22
EPHA3	6
EPHA4	5
EPHA5	8
EPHA6	3
EPHA7	2
EPHB1	3
EPHB2	14
EPHB4	64
EPHB6	1
EPHX1	10
EPHX2	8
EPM2A	83
EPN2	1
EPO	6
EPOR	34
EPPIN	1
EPPK1	3
EPRS	6
EPS15	2
EPS15L1	1
EPS8	3
EPS8L2	2
EPS8L3	2
EPX	5
EPYC	1
ERAL1	1
ERAP1	13
erap1ib	1
ERAP2	5
ERBB2	15
ERBB3	6
ERBB4	26
ERBIN	5
ERC1	7
ERC2	1
ERCC1	8
ERCC2	115
ERCC3	25
ERCC4	75
ERCC5	61
ERCC6	144
ERCC6-PGBD3	3
ERCC6L	1
ERCC6L2	14
ERCC8	70
ERF	28
ERG	4
ERGIC1	2
ERGIC2	1
ERI1	1
ERI3	1
ERICH3	1
ERLIN1	4
ERLIN2	18
ERMAP	7
ERMARD	2
ERMP1	1
ERP44	1
ERVMER34-1	2
ESAM	2
ESCO1	1
ESCO2	32
ESD	1
ESPL1	3
ESPN	21
ESR1	40
ESR2	24
ESRP1	2
ESRP2	5
ESRRA	1
ESRRB	24
ESRRG	2
esrrgtv16	2
ESS2	1
ESYT3	1
ETF1	1
ETFA	34
ETFB	17
etfbtv2	4
ETFDH	220
ETHE1	37
ETNPPL	2
ETS1	11
ETS2	2
ETV1	3
ETV3	1
ETV3L	1
ETV4	4
ETV5	1
etv5sv	1
ETV6	45
EVC	87
EVC2	82
EVI5	4
EVI5L	1
EVPL	1
EWSR1	8
EXD2	1
EXD3	1
EXO1	20
EXO5	2
EXOC1	1
EXOC2	1
EXOC3L1	1
EXOC3L2	3
EXOC3L4	4
EXOC4	3
EXOC5	1
EXOC6B	8
EXOC7	2
EXOC8	1
EXOSC2	3
EXOSC3	19
EXOSC4	1
EXOSC5	1
EXOSC8	3
EXOSC9	2
EXPH5	10
EXT1	567
EXT2	281
EXTL1	3
EXTL3	9
EYA1	237
EYA4	34
EYS	390
EZH1	2
EZH2	43
EZR	5
F10	174
F11	277
F12	58
F13A1	196
F13B	20
F2	71
F2R	6
F2RL1	1
F2RL3	3
F3	3
F5	184
F7	332
F8	3292
F9	1306
FA2H	65
FAAH	6
FAAH2	4
FAAP24	3
FABP1	2
FABP2	3
FABP3	2
FABP4	3
FABP6	1
FABP7	7
FADD	3
FADS1	3
FADS2	4
FADS3	1
FAF1	1
FAF2	2
FAH	105
FAHD1	2
FAIM	1
FAM110B	1
FAM111A	10
FAM111B	9
FAM114A2	1
FAM120A	3
FAM120AOS	1
FAM120B	2
FAM120C	1
FAM126A	12
FAM129B	1
FAM135B	1
FAM136A	2
FAM13A	3
FAM13B	1
FAM13C	1
FAM149A	1
FAM149B1	2
FAM151A	4
FAM160A1	1
FAM160B1	4
FAM160B2	1
FAM161A	23
FAM161B	1
FAM166A	1
FAM168A	1
FAM168B	1
FAM169A	2
FAM174B	1
FAM177A1	1
FAM177B	1
FAM180B	1
FAM183A	1
FAM184B	1
FAM186A	2
FAM186B	1
FAM189A2	1
FAM189B	5
FAM200B	1
FAM205A	1
FAM20A	42
FAM20B	3
FAM20C	31
FAM214A	1
FAM214B	1
FAM219A	1
FAM222A	1
FAM222B	1
FAM234B	1
FAM24B	1
FAM27E5	1
FAM3C	1
FAM3D	1
FAM45A	1
FAM47A	4
FAM47B	2
FAM47C	1
FAM47E	2
FAM71A	2
FAM71C	1
FAM81B	1
FAM83C	2
FAM83G	4
FAM83H	34
FAM86B2	1
FAM8A1	1
FAM91A1	2
FAM92A	2
FAM92B	3
FAM98A	1
FAM98C	1
FAM9C	2
FAN1	22
FANCA	705
FANCB	23
FANCC	77
FANCD2	69
FANCE	18
FANCF	19
FANCG	93
FANCI	56
FANCL	26
FANCM	61
FANK1	1
FAP	3
FAR1	4
FARP1	1
FARP2	1
FARS2	29
FARSA	2
FARSB	4
FAS	150
FASLG	11
FASN	9
FASTKD2	5
fastkd2i1	1
FASTKD5	1
FAT1	50
FAT2	6
FAT3	18
FAT4	41
FATE1	2
FAXDC2	1
FBH1	3
FBLIM1	5
FBLN1	5
FBLN2	5
FBLN5	24
FBLN7	2
FBN1	2890
FBN2	126
FBN3	8
FBP1	55
FBXL16	1
FBXL17	1
FBXL18	1
FBXL19	2
FBXL20	1
FBXL22	1
FBXL3	3
FBXL4	51
FBXL6	1
FBXO10	2
FBXO11	46
FBXO15	2
FBXO16	1
FBXO2	1
FBXO21	2
FBXO22	1
FBXO24	1
FBXO25	2
FBXO28	2
FBXO30	1
FBXO31	3
FBXO32	2
FBXO38	5
FBXO39	1
FBXO43	6
FBXO45	2
FBXO47	2
FBXO7	22
FBXW11	11
FBXW4	9
FBXW5	1
FBXW7	8
FBXW9	1
FCAR	7
FCER1A	4
FCER2	2
FCGBP	2
FCGR1A	1
FCGR2A	6
FCGR2B	7
FCGR2C	5
FCGR3A	7
FCGR3B	7
fcgr3btv1	1
FCGRT	1
FCHO1	6
FCN1	6
FCN2	8
FCN3	4
FCRL2	1
FCRL3	4
FCRL4	1
FCRL6	1
FDFT1	6
FDPS	6
FDX2	2
FDXR	23
FECH	196
FEM1A	1
FEM1B	1
FEN1	4
FENDRR	1
FER	1
FER1L5	2
FERMT1	86
FERMT2	1
FERMT3	16
FEV	1
FEZ1	2
FEZF1	3
FEZF2	4
FFAR1	4
FFAR4	1
FGA	162
fgae	4
FGB	103
FGD1	52
FGD3	1
FGD4	32
FGD5	1
FGD6	6
FGF1	3
FGF10	19
FGF12	12
FGF13	5
FGF14	11
fgf14tv2	2
FGF16	8
FGF17	6
FGF18	1
FGF19	1
FGF2	5
FGF20	3
FGF22	2
FGF23	23
FGF3	24
FGF4	1
FGF5	5
FGF6	3
FGF7	1
FGF8	43
FGF9	3
FGFBP1	3
FGFBP2	1
FGFR1	282
fgfr18a	3
fgfr1tv5	1
FGFR2	159
FGFR3	79
FGFR4	4
FGFRL1	8
FGG	145
FGGY	4
FGL1	3
FGR	12
FH	233
FHIT	4
FHL1	67
fhl1tv1	1
fhl1tv7	1
FHL2	9
FHOD3	13
fhod3tv3	24
FIBIN	4
FIBP	2
FIG4	76
FIGLA	6
FILIP1	1
FIP1L1	2
FITM2	4
FKBP10	52
FKBP14	8
FKBP1A	1
FKBP5	3
FKBP6	6
FKBP8	1
FKBPL	6
FKRP	160
FKTN	59
FLAD1	14
FLCN	226
flcntv2	2
FLG	115
flg10.2	2
flg11	1
FLG2	4
FLI1	8
FLII	3
FLNA	306
flnatv2	2
FLNB	126
FLNC	180
FLOT1	1
FLRT1	1
FLRT2	1
FLRT3	7
FLT1	7
FLT3	5
FLT4	122
FLVCR1	22
FLVCR2	17
FLYWCH1	1
FMC1	1
FMN1	7
fmn1tv3	1
FMN2	11
FMNL1	1
FMNL2	1
FMO1	7
FMO2	12
FMO3	94
FMO4	4
FMO5	1
FMO6P	3
FMOD	2
FMR1	85
FN1	35
FN3K	3
FN3KRP	4
FNBP1	1
FNBP1L	1
FNBP4	5
FNDC3A	1
FNDC3B	8
FNDC5	1
FNDC7	1
FNIP1	3
FNIP2	1
FOCAD	10
FOLH1	3
FOLR1	28
FOLR3	5
FOS	2
FOSL2	1
FOXA1	3
FOXA2	10
FOXA3	7
FOXC1	158
FOXC2	101
FOXD1	6
FOXD3	4
FOXD4	1
FOXE1	31
FOXE3	32
FOXF1	137
FOXF2	4
FOXG1	179
FOXH1	33
FOXI1	12
FOXI2	1
FOXI3	1
FOXJ2	1
FOXK1	2
FOXK2	3
FOXL1	4
FOXL2	266
FOXM1	2
FOXN1	26
FOXN3	1
FOXN4	1
FOXO1	8
FOXO3	4
FOXP1	98
foxp1i6	1
foxp1tv2	2
foxp1tv8	3
FOXP2	41
foxp2tv4	1
FOXP3	121
FOXP4	4
FOXR2	1
FOXRED1	10
FPGS	4
FPR1	7
FPR2	3
FRA10A	1
FRAS1	62
FRAT1	1
FRAXF	1
FREM1	37
FREM2	34
FREM3	3
FRG1	2
FRK	1
FRMD3	3
FRMD4A	4
FRMD4B	1
FRMD6	1
FRMD7	104
FRMPD1	2
FRMPD2	1
FRMPD4	7
FRRS1	1
FRRS1L	7
FRY	5
FRYL	3
FRZB	4
FSCB	1
FSCN1	1
FSCN2	16
FSD1L	1
FSHB	9
FSHMD1A	1
FSHR	49
FSIP1	1
FSIP2	8
FST	1
FSTL4	3
FSTL5	3
FTCD	18
FTH1	3
FTHL17	1
FTL	66
FTMT	1
FTO	17
FTSJ1	10
FTSJ3	1
FUCA1	36
FURIN	2
FUS	117
FUT1	52
FUT2	31
FUT3	16
FUT6	9
FUT7	1
FUT8	5
FUZ	5
FXN	67
FXR1	2
fxr1tvX1	2
FXYD1	1
FXYD2	1
FXYD6	1
FYB1	2
FYB2	2
FYCO1	20
FYTTD1	1
FZD1	3
FZD10	1
FZD2	7
FZD3	5
FZD4	125
FZD5	3
FZD6	18
FZD7	1
FZD8	2
FZD9	2
FZR1	1
G3BP1	1
G3BP2	2
G6PC	128
G6PC2	13
G6PC3	45
G6PD	235
GAA	634
GAB1	4
GAB2	9
GAB3	1
GABARAP	3
GABBR1	2
GABBR2	8
GABRA1	54
gabra1tv2	1
GABRA2	3
GABRA3	8
GABRA4	2
GABRA5	8
GABRA6	7
GABRB1	5
GABRB2	20
GABRB3	74
GABRB3-204	1
gabrb3i2	3
gabrb3i4	1
GABRD	7
GABRE	2
GABRG1	2
GABRG2	55
gabrg2tv2	1
GABRG3	4
GABRP	3
GABRQ	2
GABRR2	3
GABRR3	1
GAD1	9
GAD2	1
GADD45A	1
GADD45B	2
GAGE8	1
GAK	5
GAL	3
GAL3ST2	1
GAL3ST3	1
GAL3ST4	3
GALC	275
GALE	29
GALK1	47
GALK2	1
GALM	36
GALNS	362
GALNT11	1
GALNT12	14
GALNT14	4
GALNT17	1
GALNT18	2
GALNT2	8
GALNT3	36
GALNT5	1
GALNT6	1
GALNT8	1
GALNT9	2
GALNTL5	3
GALP	1
GALR1	2
GALR2	1
GALR3	1
GALT	348
GAMT	61
GAN	83
GANAB	20
GAP43	8
GAPDH	4
GAPDHS	1
GAPVD1	6
GAREM1	1
GAREM2	1
GARNL3	1
GARS	47
GAS1	6
GAS2L1	1
GAS2L2	5
GAS5	1
GAS6	1
GAS7	2
GAS8	6
GASK1B	2
GATA1	17
GATA2	171
GATA3	92
GATA4	183
GATA5	32
GATA6	89
GATAD1	1
GATAD2A	3
GATAD2B	22
GATB	2
GATC	1
GATM	22
GBA	505
GBA2	24
GBA3	1
GBAP1	1
GBE1	85
GBF1	2
GBP2	1
GBP3	1
GBP4	2
GBP7	1
GC	5
GCC2	1
GCDH	253
GCGR	12
GCH1	260
GCK	923
GCKR	40
gcktv3	1
GCLC	11
GCLM	1
GCM1	1
GCM2	23
GCN1	4
GCNT2	17
gcnt2c	5
GCSAML	2
GCSH	2
GDA	1
GDAP1	109
GDAP2	3
GDF1	16
GDF11	2
GDF15	5
GDF2	38
GDF3	10
GDF5	60
GDF6	22
GDF7	1
GDF9	21
GDI1	13
GDNF	11
GDPD4	2
GDPD5	1
GEMIN4	5
GEMIN7	1
GEN1	5
GET4	1
GFAP	141
gfapie	1
GFER	6
GFI1	6
GFI1B	17
GFM1	19
GFM2	10
GFOD1	2
GFOD2	1
GFPT1	55
gfpt1msv	6
GFPT2	4
GFRA1	6
GFRA2	1
GGA2	1
GGA3	1
GGCX	45
GGH	6
GGN	1
GGNBP2	4
GGPS1	1
GGT1	1
GGT5	1
GGT7	1
GH1	110
GH2	3
GHITM	1
GHR	122
GHRH	2
GHRHR	78
GHRL	4
GHSR	16
GIGYF1	10
GIGYF2	49
GIMAP4	1
GIMAP5	1
GIMAP7	1
GIMAP8	5
GIN1	1
GINS1	4
GINS3	1
GIP	1
GIPC1	1
GIPC2	1
GIPC3	22
GIPR	8
GIT1	18
GIT2	3
GJA1	114
GJA10	4
GJA1P1	2
GJA3	43
GJA4	2
GJA5	39
GJA8	74
GJA9	1
GJB1	514
GJB2	432
GJB3	40
GJB4	21
GJB6	34
GJC1	2
GJC2	65
GJC3	5
GJD2	1
GJD4	1
GK	38
GK2	1
GLA	1004
GLB1	241
GLCCI1	2
GLCE	1
GLDC	431
GLDN	12
GLE1	18
GLG1	3
GLI1	13
GLI2	98
GLI3	259
GLI4	1
GLIPR1L2	1
GLIS2	3
GLIS3	20
glis3tv1	17
GLMN	49
GLO1	4
GLOD4	1
GLP1R	10
GLRA1	77
GLRA2	7
GLRA4	2
GLRB	19
GLRX3	1
GLRX5	6
GLS	13
GLS2	1
GLT8D1	6
GLT8D2	1
GLUD1	39
GLUD2	1
GLUL	4
GLYAT	3
GLYCTK	6
GLYR1	1
GM2A	12
GMDS	2
GMIP	2
GMNN	3
GMPPA	13
GMPPB	53
GMPR	1
GMPR2	1
GNA11	11
GNA12	1
GNA14	3
GNAI1	8
GNAI2	3
gnai2tv6	1
GNAI3	12
GNAL	36
gnaltv1	2
GNAO1	45
GNAQ	6
GNAS	288
GNAS-AS1	2
gnastv2	3
gnastv4	5
gnastv5	1
gnastv6	4
GNAT1	10
GNAT2	28
GNAZ	1
GNB1	31
GNB1L	7
GNB2	3
GNB3	9
GNB4	5
GNB5	11
GNE	257
gnei2	5
gnei3	1
GNL3L	1
GNMT	6
GNPAT	16
GNPDA2	1
GNPTAB	285
GNPTG	66
GNRH1	13
GNRHR	62
GNS	25
GOLGA2	3
GOLGA3	1
GOLGA4	1
GOLGA5	4
GOLGB1	2
GOLM1	3
GON4L	3
GON7	2
GOPC	2
GORAB	17
GORASP1	2
GORASP2	1
GOSR2	5
GOT1	2
GOT2	4
GP1BA	80
GP1BB	54
GP2	1
GP6	6
GP9	42
GPAA1	11
GPAM	5
GPANK1	1
GPATCH1	1
GPATCH11	1
GPATCH2L	1
GPATCH3	12
GPATCH8	1
GPBAR1	8
GPBP1	1
GPC1	4
GPC3	103
GPC4	14
GPC5	3
GPC6	9
GPCPD1	1
GPD1	10
GPD1L	14
GPD2	5
gpd2c	1
GPHN	20
GPI	50
GPIHBP1	39
GPKOW	2
GPLD1	1
GPM6A	3
GPN1	2
GPNMB	6
GPR1	1
GPR101	18
GPR108	1
GPR12	1
GPR132	1
GPR139	2
GPR143	187
GPR146	1
GPR149	1
GPR15	1
GPR152	1
GPR153	1
GPR158	1
GPR161	1
GPR174	10
GPR179	19
GPR180	7
GPR33	1
GPR35	3
GPR37	2
GPR37L1	1
GPR45	2
GPR55	1
GPR65	1
GPR68	4
GPR75	6
GPR85	2
GPR88	1
GPRASP1	3
GPRASP2	2
GPRC5A	1
GPRC5C	1
GPRC6A	4
GPRIN1	3
GPRIN2	1
GPRIN3	2
GPS1	1
GPSM1	3
GPSM2	12
GPT	3
GPT2	15
GPX1	7
GPX4	4
GPX7	1
GPX8	1
GRAMD1B	4
GRAMD2A	3
GRAMD4	1
GRASP	3
GRB10	6
GRB14	2
GRB7	2
GREB1L	40
GREM1	16
GREM2	3
GRHL1	1
GRHL2	13
GRHL3	30
grhl3i1	1
GRHPR	45
GRIA1	6
GRIA2	22
gria2tv1	2
GRIA3	26
gria3tv1	1
GRIA4	5
GRID1	4
GRID2	22
GRID2IP	1
GRIK1	4
grik1tv2	1
GRIK2	8
GRIK3	5
GRIK4	9
GRIK5	4
GRIN1	42
GRIN2A	173
GRIN2B	122
GRIN2C	8
GRIN2D	12
GRIN3A	17
GRIN3B	11
GRINA	2
GRIP1	18
GRIPAP1	2
GRK1	24
GRK2	1
GRK3	2
GRK4	8
GRK5	4
GRM1	20
GRM3	3
GRM4	2
GRM5	6
GRM6	44
GRM7	17
GRM8	10
GRN	241
GRPEL1	1
GRPR	7
GRSF1	8
GRTP1	1
GRXCR1	10
GRXCR2	2
GSAP	1
GSC	7
GSDMA	1
GSDMB	5
GSDME	15
GSE1	4
GSG1	1
GSK3B	7
GSKIP	1
GSN	14
GSPT1	1
GSPT2	3
GSR	6
GSS	42
GSTA1	2
GSTA2	2
GSTA3	1
GSTCD	1
GSTK1	2
GSTM1	3
GSTM3	6
GSTM4	2
GSTO1	4
GSTO2	1
GSTP1	4
GSTT1	12
GSTT2	1
GSTT2B	1
GSTZ1	2
GTDC1	2
GTF2E1	1
GTF2E2	2
GTF2F1	1
GTF2H1	2
GTF2H3	1
GTF2H4	1
GTF2H5	8
GTF2I	1
GTF2IRD1	6
GTF2IRD2	2
GTF3C1	3
GTF3C2	4
GTF3C3	4
GTPBP1	1
GTPBP2	7
GTPBP3	16
gtpbp3i5	2
GTSE1	1
GUCA1A	25
GUCA1B	7
GUCY1A1	19
GUCY2C	12
GUCY2D	249
GUF1	4
GUSB	68
GXYLT1	22
GXYLT2	1
GYG1	16
GYG2	3
GYPA	13
GYPB	8
GYPC	24
GYPE	2
GYS1	6
GYS2	24
GZF1	2
GZMB	4
GZMH	1
H19	38
H2AFV	2
H2AFX	2
H2AFY	1
H2BFM	2
H2BFWT	3
H3F3A	2
H3F3B	1
H6PD	12
HAAO	2
HABP2	4
HACD1	2
HACE1	16
HACL1	1
HADH	28
HADHA	77
HADHB	69
HAL	11
HAMP	17
HAND1	10
HAND2	6
HAO1	2
HAP1	3
HAPLN3	1
HAPLN4	2
HARS1	14
HARS2	3
HAS1	1
HAS2	1
HAUS6	1
HAUS7	1
HAUS8	1
HAVCR1	7
HAVCR2	4
HAX1	25
HBA1	226
HBA2	312
HBB	903
HBD	116
HBE1	8
HBEGF	1
HBG1	44
HBG2	49
HBM	1
HBP1	1
HBS1L	6
HCAR1	5
HCAR2	1
HCCS	14
HCFC1	21
HCK	1
HCLS1	2
HCN1	42
HCN2	12
HCN4	42
HCP5	1
HCRT	3
HCRTR1	2
HCRTR2	3
HDAC1	6
HDAC10	1
HDAC2	2
HDAC3	1
HDAC4	27
HDAC5	1
HDAC6	3
HDAC7	3
HDAC8	66
HDAC9	4
HDC	2
HDDC3	2
HDGFL2	1
HDHD5	3
HDLBP	2
HDX	2
HEATR1	1
HEATR3	1
HEATR6	1
HECTD1	8
HECTD3	1
HECTD4	3
HECW1	1
HECW2	11
HEG1	1
HELB	2
HELLPAR	5
HELLS	7
HELQ	7
HELZ	3
HELZ2	1
HEMK1	1
HENMT1	1
HEPACAM	31
HEPACAM2	2
HEPH	1
HEPHL1	3
HERC1	11
HERC2	9
HERC6	1
HERPUD2	1
HES1	1
HES3	1
HES5	1
HES6	5
HES7	6
HESX1	28
HEXA	199
HEXB	126
HEXD	3
HEY1	7
HEY2	3
HEYL	1
HFE	61
HFM1	11
HGD	166
HGF	22
HGFAC	3
HGSNAT	77
HHAT	7
HHEX	2
HHIP	4
HHIPL2	1
HIBCH	26
HID1	3
HIF1A	6
HIF1AN	1
HIGD2A	1
HIKESHI	2
HINT1	16
HIP1	8
HIP1R	2
HIRA	5
HIST1H1C	2
HIST1H1E	22
HIST1H2AE	1
HIST1H2AL	1
HIST1H2BD	1
HIST1H2BE	1
HIST1H2BJ	2
HIST1H3A	2
HIST1H3B	1
HIST1H4C	2
HIST1H4I	1
HIST3H3	2
HIVEP1	2
HIVEP2	22
HIVEP3	14
HJURP	1
HJV	72
HK1	13
hk1e	7
HK2	7
HK3	4
HKDC1	15
HLA-A	77
hla-a*23	3
HLA-B	53
hla-b*39_01_01	1
HLA-C	24
HLA-DMB	3
HLA-DOA	5
HLA-DOB	1
HLA-DPA1	1
HLA-DPB1	9
HLA-DPB2	2
HLA-DQA1	6
HLA-DQB1	15
HLA-DQB2	2
HLA-DRA	3
HLA-DRB1	26
hla-drb101	1
HLA-DRB4	2
HLA-DRB5	5
HLA-E	1
HLA-F	2
HLA-G	8
HLA-H	1
HLCS	51
HLTF	3
HLX	4
HMBS	491
HMCN1	13
HMG20A	1
HMG20B	2
HMGA1	4
HMGA2	21
hmga2ib	1
HMGB1	4
HMGB3	1
HMGCL	60
HMGCLL1	1
HMGCR	6
HMGCS2	36
HMGXB3	2
HMGXB4	1
HMOX1	14
HMOX2	2
HMSD	1
HMX1	4
HMX2	2
HNF1A	557
hnf1atv7	1
HNF1B	278
HNF4A	180
hnf4atv2	6
hnf4atv3	1
HNMT	5
HNRNPA0	2
HNRNPA1	14
HNRNPA2B1	6
HNRNPCL1	2
HNRNPD	7
HNRNPDL	2
HNRNPF	1
HNRNPH1	2
HNRNPH2	6
HNRNPH3	1
HNRNPK	17
HNRNPL	1
HNRNPR	4
HNRNPU	78
HNRNPUL1	2
HNRNPUL2	1
HOGA1	42
HOMER1	3
HOMER2	3
HOMEZ	2
HOOK1	1
HOOK2	1
HORMAD1	3
HOTAIR	1
HOXA1	8
HOXA10	5
HOXA11	3
HOXA11-AS	1
HOXA13	30
HOXA2	5
HOXA3	1
HOXA4	2
HOXA5	1
HOXB1	7
HOXB13	6
HOXB3	1
HOXB5	1
HOXB6	3
HOXC10	1
HOXC11	1
HOXC12	1
HOXC13	10
HOXD1	1
HOXD10	3
HOXD11	2
HOXD13	42
HOXD3	2
HOXD4	3
HP	7
HPCA	6
HPD	10
HPF1	1
HPGD	19
HPGDS	2
HPRT1	440
HPS1	68
HPS3	20
HPS4	29
HPS5	33
HPS6	42
HPSE	2
HPSE2	15
HR	55
HRAS	40
hrasp19	1
HRC	1
HRG	6
HRH2	2
HRH3	2
HRH4	3
HRNR	2
HS1BP3	2
HS2ST1	1
HS6ST1	8
HS6ST2	1
HSD11B1	6
HSD11B2	49
HSD17B1	2
HSD17B10	17
HSD17B13	2
HSD17B2	2
HSD17B3	67
HSD17B4	107
HSD3B1	5
HSD3B2	71
HSD3B7	26
HSF2	1
HSF2BP	2
HSF4	24
hsf4b	2
HSFY1	1
HSP90AA1	3
HSP90AB1	2
HSP90B1	2
HSPA14	1
HSPA1A	2
HSPA1B	6
HSPA1L	14
HSPA2	2
HSPA4	1
HSPA4L	1
HSPA5	3
HSPA6	2
HSPA8	8
HSPA9	13
HSPB1	48
HSPB11	1
HSPB2	1
HSPB3	5
HSPB6	2
HSPB7	1
HSPB8	10
HSPBP1	1
HSPD1	8
HSPE1	1
HSPG2	75
HSPH1	3
HTATIP2	1
HTATSF1	3
HTN3	2
HTR1A	9
HTR1B	4
HTR1D	1
HTR2A	11
HTR2B	4
HTR2C	6
HTR3A	7
HTR3B	6
HTR3C	2
HTR3E	2
HTR5A	3
HTR6	1
HTR7	4
HTRA1	57
HTRA2	18
HTRA3	1
HTT	9
HUS1B	2
HUWE1	58
HVCN1	1
HYAL1	3
HYAL2	4
HYDIN	57
HYDIN2	5
hydinib	2
HYKK	1
HYLS1	2
HYOU1	2
HYPK	1
IAPP	4
IARS	15
IARS2	11
IBA57	27
IBSP	2
IBTK	2
ICA1	1
ICAM1	6
ICAM4	2
ICAM5	1
ICE1	2
ICE2	6
iceia	1
ICOS	10
ICOSLG	3
ID3	1
IDE	1
IDH1	5
IDH2	7
IDH3A	9
IDH3B	5
IDO1	4
IDO2	5
IDS	665
IDUA	305
IER2	1
IER3IP1	5
IFI30	2
IFI35	1
IFI44L	2
IFIH1	34
IFIT3	1
IFITM3	8
IFITM5	3
IFNA10	1
IFNA17	1
IFNA2	3
IFNA4	2
IFNAR1	10
IFNAR2	4
IFNB1	1
IFNE	1
IFNG	6
IFNGR1	56
IFNGR2	21
IFNK	1
IFNL1	1
IFNL3	6
IFNL4	3
IFNLR1	2
IFRD1	3
IFRD2	1
IFT122	24
IFT140	78
IFT172	29
IFT27	5
IFT43	7
IFT52	8
IFT57	2
IFT74	7
IFT80	16
IFT81	10
IFT88	6
IGBP1	2
IGDCC4	1
IGF1	14
IGF1R	105
igf1tv3	1
IGF2	12
IGF2R	7
igf2tv2	2
igf2tv3	1
IGFALS	37
IGFBP1	1
IGFBP3	3
IGFBP4	1
IGFBP5	3
IGFBP6	1
IGFBP7	3
IGFBPL1	1
IGFL2	1
IGHA1	2
IGHG1	1
IGHG2	5
IGHG3	4
IGHG4	1
IGHM	21
IGHMBP2	148
IGHV3-38	1
IGHV3-53	1
IGHV4-28	1
IGHV4-4	1
IGHV6-1	1
IGKC	1
IGKV@	5
IGKV1-12	1
IGKV1-39	1
IGKV3-7	1
IGLL1	3
IGLL5	1
IGSF1	44
IGSF10	14
IGSF22	1
IGSF3	2
IGSF5	1
IGSF8	1
IHH	35
IKBIP	2
ikbiptv2	1
IKBKB	9
IKBKE	3
IKBKG	156
IKZF1	49
ikzf1tv15	3
IKZF2	2
IKZF3	2
IL10	21
IL10RA	47
IL10RB	25
IL11	2
IL11RA	23
IL12A	2
IL12B	21
IL12RB1	101
IL12RB2	13
IL13	5
IL13RA1	1
IL15RA	2
IL16	2
il16tv3	2
IL17A	4
IL17F	5
IL17RA	19
IL17RB	2
IL17RC	4
IL17RD	15
IL17REL	3
IL18	5
IL18BP	1
IL18R1	2
IL18RAP	2
IL19	1
IL1A	7
IL1B	9
IL1R1	3
IL1RAPL1	43
IL1RL1	12
IL1RL2	3
IL1RN	18
IL2	2
IL20	1
IL20RA	3
IL20RB	3
IL21	3
IL21R	10
il21rtv3	1
IL22	6
IL23R	10
IL25	1
IL27	3
IL27RA	3
IL2RA	23
IL2RB	6
IL2RG	267
IL3	3
IL31	1
IL31RA	2
IL32	2
IL33	5
IL34	2
IL36B	1
IL36RN	27
IL37	1
IL4	4
IL4R	12
IL5	1
IL5RA	3
IL6	9
IL6R	12
IL6ST	3
IL7	1
IL7R	62
IL9	3
ILDR1	32
ILF2	1
ILF3	2
ILK	14
ILVBL	2
IMMP2L	23
immp2lst	5
immp2ltv2	2
IMMT	2
IMPA1	2
IMPA2	2
IMPAD1	5
IMPDH1	29
IMPDH2	5
IMPG1	15
IMPG2	48
INA	1
INAVA	3
INCA1	1
INCENP	2
INF2	79
ING1	1
INHA	10
INHBA	2
INHBB	2
INHBC	2
INIP	2
INMT	4
INO80	7
INO80B	2
INO80D	1
INPP1	1
INPP4A	3
inpp4ab	1
INPP4B	1
INPP5A	3
INPP5B	2
INPP5D	2
inpp5dtvx1	1
INPP5E	56
INPP5F	2
INPP5J	1
INPP5K	10
INPPL1	32
INS	89
INS-IGF2	1
INSIG1	1
INSIG2	4
INSL3	8
INSL6	2
INSR	203
INSRR	2
INTS1	9
INTS10	2
INTS13	2
INTS14	1
INTS5	1
INTS6	4
INTS6L	1
INTS7	1
INTS8	4
INTU	12
INVS	38
IP6K3	2
IPMK	1
IPO13	2
IPO8	1
IPO9	2
IPP	3
IQCB1	44
IQCC	2
IQCE	2
IQCK	1
IQGAP1	4
IQGAP2	5
IQGAP3	7
IQSEC1	2
IQSEC2	99
iqsec2tv2	2
IQSEC3	1
IRAK1	3
IRAK2	3
IRAK3	5
IRAK4	31
IREB2	6
IRF1	2
IRF2	1
IRF2BP2	3
IRF2BPL	22
IRF3	2
IRF4	5
IRF5	12
IRF6	351
IRF7	5
IRF8	11
IRF9	5
IRGC	1
IRGM	5
IRS1	26
IRS2	12
IRS4	6
IRX1	6
IRX3	3
IRX4	7
IRX5	6
ISCA1	2
ISCA2	6
ISCU	3
ISG15	3
ISL1	10
ISLR2	1
ISM1	2
ISYNA1	6
ITCH	4
ITFG2	1
ITGA1	1
ITGA10	1
ITGA11	3
ITGA2	14
ITGA2B	250
ITGA3	11
ITGA4	2
ITGA5	1
ITGA6	9
itga6tv1	2
ITGA7	11
ITGA8	8
ITGA9	4
ITGAE	2
ITGAM	6
ITGAV	5
ITGAX	3
ITGB1	2
ITGB1BP1	1
ITGB2	126
ITGB3	192
ITGB4	114
itgb4tv1	4
itgb4tv2	1
ITGB5	2
ITGB6	8
ITGB8	1
ITIH1	2
ITIH2	1
ITIH3	3
ITIH4	2
ITIH6	3
ITK	20
ITM2A	1
ITM2B	6
ITM2C	1
ITPA	11
ITPK1	2
ITPKB	1
ITPKC	1
ITPR1	115
itpr1tv3	1
ITPR2	14
ITPR3	6
ITPRID1	3
ITSN1	13
ITSN2	6
IVD	102
IYD	5
IZUMO3	1
JADE1	1
JADE2	1
JAG1	634
JAG2	4
JAGN1	9
JAK1	9
JAK2	30
JAK3	89
JAKMIP1	3
JAKMIP2	2
JAM3	4
JARID2	21
JAZF1	2
JCAD	2
JKAMP	1
JMJD1C	31
JMJD6	2
JMJD7	1
JMJD7-PLA2G4B	1
JPH1	1
JPH2	17
JPH3	2
JRK	2
JSRP1	2
JUN	3
JUP	55
KALRN	4
kalrntv2	1
kalrntv3	1
KANK1	10
KANK2	3
KANK4	2
KANSL1	79
KANSL1L	1
KANSL2	2
KARS	33
KAT14	1
KAT2B	4
KAT5	2
KAT6A	70
KAT6B	83
KAT7	1
KAT8	1
KATNAL2	6
KATNB1	11
KAZN	1
KBTBD11	1
KBTBD12	2
KBTBD13	15
KBTBD6	1
KBTBD8	1
KCNA1	50
KCNA2	23
KCNA3	2
KCNA4	1
KCNA5	29
KCNAB1	1
KCNAB2	5
KCNAB3	2
KCNB1	32
KCNB2	5
KCNC1	9
KCNC2	1
KCNC3	13
KCNC4	2
KCND2	5
KCND3	31
KCNE1	56
KCNE2	25
KCNE3	8
KCNE4	3
KCNE5	5
KCNG1	1
KCNG4	2
KCNH1	14
KCNH2	963
kcnh2tv2	1
kcnh2tv3	4
KCNH3	3
KCNH4	1
KCNH5	1
KCNH6	6
KCNH7	9
KCNH8	2
KCNIP1	1
KCNIP4	1
KCNJ1	72
KCNJ10	36
KCNJ11	194
KCNJ12	3
KCNJ13	11
KCNJ14	1
KCNJ15	4
KCNJ16	2
KCNJ18	17
KCNJ2	94
KCNJ3	4
KCNJ4	1
KCNJ5	22
KCNJ6	4
KCNJ8	8
KCNJ9	3
KCNK17	2
KCNK18	8
KCNK3	25
KCNK4	2
KCNK5	7
KCNK6	3
KCNK7	2
KCNK9	3
KCNMA1	24
kcnma1tv3	1
kcnma1tv7	2
KCNMB1	4
KCNMB3	1
KCNN3	8
KCNN4	6
KCNQ1	661
KCNQ1OT1	8
KCNQ2	358
KCNQ3	39
KCNQ4	54
KCNQ5	9
KCNS1	2
KCNS2	1
KCNS3	3
KCNT1	54
KCNT2	5
KCNU1	2
KCNV1	1
KCNV2	96
KCTD1	11
KCTD11	1
KCTD13	14
KCTD17	3
KCTD18	1
KCTD19	2
KCTD20	2
KCTD21	1
KCTD3	3
KCTD6	2
KCTD7	42
KCTD9	1
KDELC2	1
KDELR1	1
KDELR3	2
KDF1	3
KDM1A	17
KDM1B	1
KDM2A	2
KDM2B	5
KDM3A	7
KDM3B	19
KDM4B	3
KDM4C	4
KDM5A	5
KDM5B	42
KDM5C	59
KDM6A	82
KDM6B	20
KDM7A	1
KDM8	1
KDR	35
KDSR	10
KEAP1	3
KEL	106
KERA	17
KHDC3L	7
KHDRBS1	3
KHDRBS3	1
KHK	3
KIAA0100	2
KIAA0232	1
KIAA0319	2
KIAA0513	2
KIAA0556	7
KIAA0586	33
KIAA0753	7
KIAA0825	2
KIAA1109	19
KIAA1210	1
KIAA1211	1
KIAA1211L	2
KIAA1217	1
KIAA1324	2
KIAA1549	10
KIAA1549L	1
KIAA1586	1
KIAA1614	1
KIAA1755	1
KIAA1958	1
KIAA2026	2
KIDINS220	16
KIF11	93
KIF12	5
KIF13A	1
KIF13B	2
KIF14	19
KIF15	1
KIF16B	1
KIF17	3
KIF18A	4
KIF19	3
KIF1A	53
kif1asv	7
KIF1B	13
kif1bia	4
KIF1BP	10
KIF1C	19
KIF20A	2
KIF21A	17
KIF21B	2
KIF22	4
KIF23	3
KIF24	5
KIF26B	14
KIF2A	8
KIF2B	1
KIF3C	1
KIF4A	7
KIF4B	1
KIF5A	86
KIF5B	5
KIF5C	7
KIF6	3
KIF7	50
KIF9	2
KIFAP3	4
KIFC3	1
KIR2DL1	3
KIR2DL2	1
KIR2DL3	1
KIR2DL4	2
KIR2DL5A	1
KIR2DS1	1
KIR2DS3	1
KIR2DS4	1
KIR3DL1	10
KIR3DL2	2
KIR3DL3	1
KIR3DS1	2
KIRREL2	2
KIRREL3	15
KISS1	15
KISS1R	43
KIT	124
KITLG	15
KIZ	4
KL	16
KLB	10
KLC2	5
KLC4	1
KLF1	110
KLF10	7
KLF11	13
KLF12	3
KLF13	1
KLF15	1
KLF2	2
KLF4	6
KLF5	2
KLF6	3
KLF7	4
KLF8	2
KLHDC1	1
KLHDC10	2
KLHDC3	1
KLHDC4	2
KLHDC8B	3
KLHL1	2
KLHL10	5
KLHL13	1
KLHL14	2
KLHL15	4
KLHL17	1
KLHL18	2
KLHL20	1
KLHL24	9
KLHL25	9
KLHL28	2
KLHL3	38
KLHL33	2
KLHL38	1
KLHL4	1
KLHL40	26
KLHL41	9
KLHL6	1
KLHL7	17
KLHL9	4
KLK1	8
KLK12	6
KLK14	2
KLK15	2
KLK3	15
KLK4	13
KLK6	1
KLK7	2
KLK8	1
KLKB1	14
KLLN	8
KLRB1	1
KLRC1	1
KLRC2	2
KLRC4	1
KLRD1	1
KLRK1	2
KMO	2
KMT2A	149
KMT2B	58
KMT2C	64
KMT2D	829
KMT2E	39
KMT5A	1
KMT5B	27
kmt5btv2	1
kmt5btv3	1
KNDC1	1
KNG1	9
kng1i2	1
KNL1	6
KPNA1	2
KPNA7	3
KPRP	2
KPTN	5
KRAS	48
krastva	3
KREMEN1	5
KRIT1	304
KRT1	70
KRT10	79
KRT12	25
KRT13	11
krt13tv1	1
KRT14	135
KRT15	2
KRT16	37
KRT17	37
KRT18	15
KRT2	18
KRT20	1
KRT24	1
KRT25	4
KRT26	1
KRT3	4
KRT31	1
KRT38	1
KRT4	4
KRT5	168
KRT6A	49
KRT6B	8
KRT6C	5
KRT7	1
KRT71	1
KRT74	4
KRT75	4
KRT76	1
KRT8	28
KRT80	2
KRT81	5
KRT82	2
KRT83	4
KRT85	6
KRT86	12
KRT9	32
KRTAP1-1	1
KRTAP1-3	1
KRTAP10-5	1
KRTAP25-1	1
KRTAP4-4	1
KRTAP4-8	1
KRTAP5-4	1
KRTAP9-3	2
KSR2	30
KXD1	1
KY	4
KYAT3	1
KYNU	8
L1CAM	300
L1TD1	1
L2HGDH	81
L3MBTL1	1
L3MBTL3	1
LACC1	4
LAGE3	4
LAMA1	49
LAMA2	409
LAMA3	57
lama3tv1	9
LAMA4	30
LAMA5	35
LAMB1	11
LAMB2	132
LAMB3	129
LAMB4	7
LAMC1	12
lamc1-as1	1
LAMC2	42
LAMC3	22
LAMP1	2
LAMP2	110
lamp2b	6
LAMP3	1
LAMTOR2	1
LAPTM4B	1
LAPTM5	1
LARGE1	28
LARGE2	1
LARP1	1
LARP4	2
LARP4B	3
LARP6	1
LARP7	14
LARS	11
LARS2	21
LAS1L	4
LAT	18
LATS1	1
LATS2	1
LBH	2
LBP	5
LBR	33
LBX1	1
LBX2	2
LCA5	50
LCA5L	1
LCAT	117
LCE1B	1
LCE3B	1
LCE3C	1
LCE3D	1
LCK	3
LCMT2	1
LCN1	1
LCN10	1
LCN12	1
LCN9	1
LCP1	2
LCT	31
LDAH	2
LDB1	1
LDB3	14
ldb3i2	7
ldb3i3	3
ldb3i6	2
ldb3z4	35
LDHA	10
LDHB	17
LDHD	2
LDLR	2286
LDLRAD1	1
LDLRAD4	2
LDLRAP1	32
LECT2	1
LEF1	2
LEFTY1	2
LEFTY2	3
LEKR1	1
LEMD2	3
LEMD3	36
LENG1	1
LENG8	3
LEO1	2
LEP	30
LEPR	58
LETM1	5
LFNG	12
lfngtv3	1
LGALS12	1
LGALS13	1
LGALS2	1
LGALS3	3
LGALS8	1
LGALS9	1
LGALS9B	1
LGI1	58
LGI3	1
LGI4	9
LGR4	8
LGR5	1
LGR6	2
LHB	15
LHCGR	83
lhcgr6a	3
LHFPL2	1
LHFPL3	1
LHFPL5	17
LHFPL6	1
LHX1	7
LHX2	1
LHX3	21
LHX4	24
LHX6	1
LHX8	2
LHX9	1
LIAS	8
LIF	4
LIFR	34
LIG1	6
LIG3	4
LIG4	49
LILRA2	1
LILRA3	4
LILRB2	2
LILRB5	1
LIM2	4
LIMA1	2
LIMD1	2
LIMK1	7
LIMK2	1
limk2tv1	3
LIMS1	1
LIMS2	4
LIN28A	3
LIN28B	2
LIN52	1
LIN7A	2
LIN7B	3
LINC00237	1
LINC00299	6
LINC00301	1
LINC00339	4
LINC00583	1
LINC00673	1
LINC00842	1
LINC00850	1
LINC00881	1
LINC00951	1
LINC01216	1
LINC01221	1
LINC01780	1
LINGO1	4
LINGO2	4
LINGO4	2
LINS1	9
LIPA	111
LIPC	24
LIPE	8
LIPG	32
LIPH	31
LIPI	5
LIPK	1
LIPN	1
LIPT1	10
LIPT2	4
LITAF	19
LIX1	1
LLGL1	3
LLGL2	1
LMAN1	39
LMAN2L	2
LMBR1	13
LMBRD1	9
LMBRD2	1
LMF1	33
LMNA	618
lmna2	4
lmnatv5	1
LMNB1	42
LMNB2	5
LMNTD1	2
LMO1	1
LMO2	2
LMO7	1
LMOD1	2
LMOD2	1
LMOD3	26
LMTK2	2
LMTK3	2
LMX1A	4
LMX1B	200
lnc13	1
LNPEP	2
LNPK	2
LNX1	1
LNX2	1
LOC100506474	1
loc344967	1
LOC730100	14
LONP1	21
LONRF1	1
LOR	10
LOX	10
LOXHD1	72
loxhd1tv2	13
LOXL1	7
LOXL2	2
LOXL3	8
LOXL4	1
LPA	19
LPAR1	2
LPAR3	1
LPAR6	27
LPCAT4	1
LPGAT1	1
LPIN1	30
lpin1i3	1
LPIN2	17
LPIN3	2
LPL	244
LPP	5
LRAT	26
LRBA	84
LRCH1	1
LRCH3	1
LRCH4	1
LRFN2	4
LRFN5	7
LRGUK	3
LRIG1	6
LRIG2	7
LRIG3	2
LRIT3	9
LRMDA	12
LRP1	36
LRP10	16
LRP11	1
LRP12	1
LRP1B	12
LRP2	59
LRP4	34
LRP5	280
LRP5L	1
LRP6	45
LRP8	6
LRPAP1	6
LRPPRC	22
LRRC10	5
LRRC10B	1
LRRC19	1
LRRC28	1
LRRC29	1
LRRC3	1
LRRC31	2
LRRC32	7
LRRC34	1
LRRC36	1
LRRC4	4
LRRC40	2
LRRC41	2
LRRC43	2
LRRC46	3
LRRC4C	2
LRRC52	1
LRRC55	1
LRRC56	5
LRRC6	21
LRRC69	2
LRRC7	2
LRRC8A	3
LRRC8B	1
LRRCC1	2
LRRFIP1	2
LRRIQ1	1
LRRIQ3	1
LRRK1	5
LRRK2	166
LRRTM1	1
LRRTM2	1
LRRTM4	2
LRSAM1	19
LRTOMT	17
lrtomt2	4
LSG1	1
LSM1	1
LSM11	1
LSM3	1
LSR	2
LSS	22
LST1	1
LTA	8
LTB	1
LTBP1	8
LTBP2	34
LTBP3	24
LTBP4	30
LTC4S	6
LTF	3
LTK	2
LTN1	2
LUC7L	1
LUM	7
LUZP1	1
LUZP2	1
LUZP4	2
LVRN	1
LY6G6F	1
LY6K	1
LY75	7
LY75-CD302	2
LY9	2
LY96	3
LYL1	1
LYN	3
LYPD2	1
LYPD6	1
LYPLAL1	1
LYRM4	5
LYRM7	9
LYSMD1	1
LYSMD4	1
LYST	119
LYZ	10
LZTFL1	4
LZTR1	134
LZTS1	10
LZTS3	2
MAATS1	1
MAB21L1	6
MAB21L2	8
MACC1	3
MACF1	21
MACROD2	6
macrod2tv1	2
MAD1L1	3
MAD2L1	3
MAD2L2	1
MADD	10
MAEA	1
MAF	24
MAFA	1
MAFB	25
MAFF	1
MAG	6
MAGEA11	2
MAGEA3	2
MAGEA4	1
MAGEA8	2
MAGEA9	1
MAGEB4	1
MAGEC1	3
MAGEC3	1
MAGED1	4
MAGED2	9
MAGEE1	1
MAGEE2	1
MAGEL2	23
MAGI1	13
MAGI2	29
MAGI3	2
MAGT1	18
MAJIN	1
MAK	27
MAK16	1
MALAT1	1
MALSU1	1
MALT1	9
MAMDC2	1
MAMDC4	2
MAML1	3
MAML2	3
MAML3	3
MAMLD1	24
mamld1tv1	5
MAN1A2	1
MAN1B1	31
MAN2B1	153
MAN2B2	1
MANBA	24
MANEAL	1
MANF	1
MANSC1	2
MAOA	19
MAOB	4
MAP11	1
MAP1A	1
MAP1B	14
MAP1LC3B	1
MAP2	3
MAP2K1	29
MAP2K2	50
MAP2K3	1
MAP2K4	3
MAP2K5	3
MAP2K6	2
MAP2K7	4
MAP3K1	38
MAP3K10	1
MAP3K14	2
MAP3K15	5
MAP3K19	1
MAP3K20	9
MAP3K3	1
MAP3K4	2
MAP3K6	5
MAP3K7	13
MAP3K7CL	1
MAP3K8	1
MAP3K9	4
MAP4	7
MAP4K1	1
MAP4K4	3
MAP4K5	1
map4tv4	1
MAP6	1
MAP7	2
MAP7D3	3
MAPK1	3
MAPK10	6
MAPK13	1
MAPK15	2
MAPK3	5
MAPK4	2
MAPK6	1
MAPK7	5
MAPK8	3
MAPK8IP1	4
MAPK8IP3	5
MAPKAP1	2
MAPKAPK2	1
MAPKAPK3	1
MAPKBP1	8
MAPRE1	1
MAPRE2	4
MAPT	122
mapttv6	15
MARC2	2
MARCH10	7
MARCH3	1
MARCH4	2
MARCH8	7
MARCO	1
MARF1	4
MARK1	2
MARK2	1
MARK3	2
MARK4	1
MARS	18
MARS2	6
MARVELD2	19
MASP1	26
masp1tv1	4
MASP2	13
MAST1	25
MAST2	3
MAST3	2
MASTL	5
MAT1A	81
MAT2A	2
MATK	1
MATN1	1
MATN2	2
MATN3	28
MATN4	1
MATR3	20
matr3tv5	2
MAU2	3
MAVS	9
MAX	37
MB	1
MB21D2	1
MBD1	8
MBD2	1
MBD3	1
MBD4	15
MBD5	106
MBD6	7
MBL2	11
MBNL1	8
MBNL2	1
MBNL3	1
MBOAT4	1
MBOAT7	13
MBP	2
MBTPS1	3
MBTPS2	28
MC1R	110
MC2R	56
MC3R	34
MC4R	178
MCAM	1
MCAT	1
MCC	4
MCCC1	113
MCCC2	121
MCEE	6
MCF2	2
MCF2L	4
MCF2L2	2
MCFD2	20
MCHR1	12
MCIDAS	4
MCL1	3
MCM10	1
MCM2	1
MCM3AP	24
MCM4	5
MCM5	3
MCM6	2
MCM7	1
MCM8	13
MCM9	13
MCOLN1	36
MCOLN2	1
MCOLN3	1
MCPH1	38
MCTP2	9
MCUB	1
MDC1	5
MDGA1	1
MDGA2	1
MDH1	2
MDH2	11
MDM1	2
MDM2	8
MDM4	5
MDN1	6
ME2	1
MEA1	1
MEAK7	3
MECOM	30
mecomtv4	1
MECP2	1103
mecp2e1	34
MECR	8
MED1	1
MED12	39
MED12L	3
MED13	19
MED13L	115
MED15	1
MED17	9
MED20	2
MED23	10
MED24	1
MED25	6
MED26	1
MED27	1
MED28	1
MED29	1
MEF2A	20
MEF2C	106
mef2ctv3	1
MEF2D	3
MEFV	191
MEG3	15
MEGF10	21
MEGF11	2
MEGF6	2
MEGF8	20
MEGF9	1
MEI1	5
MEIOB	4
MEIS1	5
MEIS2	46
MELK	1
MELTF	1
MEMO1	1
MEN1	919
MEOX1	4
MEOX2	2
MEP1A	2
MEP1B	2
MEPCE	1
MEPE	6
MERTK	108
MESD	1
MESP1	9
MESP2	6
MEST	2
MET	45
METTL1	1
METTL14	2
METTL16	1
METTL17	2
METTL22	1
METTL23	5
METTL26	1
METTL2B	1
METTL4	1
METTL5	4
METTL7B	3
METTL9	1
mettv2	2
MFAP2	1
MFAP5	3
MFF	5
MFGE8	3
MFHAS1	2
MFN1	1
MFN2	236
MFRP	37
MFSD11	1
MFSD12	4
MFSD2A	7
MFSD3	2
MFSD4B	2
MFSD6L	1
MFSD8	60
MFSD9	1
MGA	3
MGAM	2
MGAT1	2
MGAT2	5
MGAT4B	1
MGAT4C	3
MGAT5	4
MGLL	6
MGME1	7
MGMT	9
MGP	12
MGRN1	3
MGST2	2
MGST3	2
MIA	1
MIA3	2
MIAT	1
MIB1	31
MIB2	3
MICA	11
MICAL1	3
MICAL2	2
MICAL3	4
MICALCL	2
MICALL2	1
micatv1*001	1
MICB	5
MICOS13	4
MICU1	8
MICU2	1
MID1	100
MID1IP1	1
MID2	2
MIEF1	1
MIEF2	1
MIER3	1
MIF	6
MIIP	1
MINDY1	1
MINDY2	2
MINDY3	1
MINDY4	1
MINK1	3
MINPP1	3
MIOS	1
MIP	29
MIPEP	8
MIPOL1	1
MIR106B	1
MIR124-1	1
MIR125A	3
MIR126	1
MIR1269A	1
MIR1304	1
MIR1307	1
MIR137	7
MIR137HG	1
MIR138-2	1
MIR140	2
MIR141	1
MIR142	1
MIR143	1
MIR146A	2
MIR149	2
MIR16-1	3
MIR17	1
MIR17HG	13
MIR182	1
MIR184	4
MIR191	1
MIR196A2	2
MIR19B1	1
MIR204	1
MIR205	1
MIR206	1
MIR218-2	1
MIR222	2
MIR24-1	1
MIR27A	2
MIR2861	1
MIR29B2	4
MIR30C1	2
MIR3131	1
MIR323B	1
MIR325	1
MIR34B	1
MIR372	1
MIR378A	1
MIR412	1
MIR423	1
MIR4273	1
MIR4300HG	1
MIR4513	1
MIR4718	1
MIR491	1
MIR496	1
MIR499A	2
MIR502	1
MIR510	2
MIR548AC	1
MIR605	1
MIR608	1
MIR646	1
MIR656	1
MIR873	1
MIR890	1
MIR892B	1
MIR9-2	1
MIR934	1
MIR96	4
MIR99A	1
MIRLET7A2	2
MIRLET7E	1
MIS18BP1	1
MITF	77
mitftv3	1
MKI67	4
MKKS	70
MKRN1	2
MKRN2	1
MKRN3	38
MKS1	54
MKX	2
MLANA	1
MLC1	113
MLEC	2
MLF1	1
MLH1	1285
MLH3	33
MLIP	1
MLKL	2
MLLT1	1
MLLT10	2
MLLT3	1
MLLT6	4
MLPH	10
MLX	1
MLXIPL	7
MLYCD	39
MMAA	80
MMAB	42
MMACHC	107
MMADHC	17
MME	39
MMEL1	1
MMP1	8
MMP10	2
MMP11	1
MMP12	3
MMP13	12
MMP14	10
MMP15	2
MMP16	1
MMP19	4
MMP2	30
MMP20	10
MMP21	23
MMP23B	1
MMP3	6
MMP7	5
MMP8	4
MMP9	18
MMRN1	1
MMRN2	1
MMS22L	1
MMUT	386
MN1	4
MNAT1	2
MND1	1
MNDA	3
MNS1	4
MNX1	80
MOB4	1
MOCOS	9
MOCS1	36
mocs1b	9
mocs1l	2
MOCS2	16
mocs2b	17
MOCS3	3
MOG	2
MOGAT1	1
MOGS	11
MON2	1
mor1x	1
MORC2	20
MORC3	3
MORN1	1
MOSPD1	1
MOV10	3
MPC1	2
MPDU1	7
MPDZ	58
MPEG1	4
MPG	5
MPHOSPH8	5
MPI	21
MPIG6B	6
MPL	58
MPLKIP	20
MPO	16
MPP3	1
MPP4	6
MPP6	4
MPP7	4
MPST	1
MPV17	51
MPV17L2	1
MPZ	250
MPZL2	4
MPZL3	2
MR1	2
MRAP	14
MRAP2	6
MRAS	4
MRC1	1
MRC2	1
MRE11	76
MRGBP	1
MRGPRX1	1
MRGPRX2	4
MRGPRX3	1
MRI1	1
MRM2	1
MROH5	1
MROH7	2
MRPL10	1
MRPL12	1
MRPL15	2
MRPL3	4
MRPL38	1
MRPL40	1
MRPL43	1
MRPL44	2
MRPL50	1
MRPS14	1
MRPS15	1
MRPS16	1
MRPS2	3
MRPS22	10
MRPS23	1
MRPS25	1
MRPS30	2
MRPS34	4
MRPS35	2
MRPS5	1
MRPS7	1
MRRF	2
MRTFA	5
MRTFB	7
MRVI1	2
MS4A1	2
MS4A10	1
MS4A2	7
MS4A3	1
MS4A4A	1
MS4A6A	3
ms4a6atv1	1
MS4A6E	1
MS4A7	4
MSANTD1	1
MSC	2
MSH2	1364
MSH3	29
MSH4	5
MSH5	11
MSH6	681
MSI1	1
MSI2	2
MSL2	2
MSL3	15
msl3tv1	1
msl3tv5	1
MSLNL	3
MSMB	1
MSMO1	4
MSN	2
MSNP1	1
MSR1	19
MSRB3	3
msrb3i2	1
MSS51	1
MST1	1
MST1R	20
MSTN	3
MSTO1	20
MSX1	57
MSX2	26
MT1A	1
MT1X	1
MT2A	1
MTA1	1
MTA3	1
MTAP	2
mtaptv	2
MTBP	1
MTCH2	1
MTCL1	2
MTDH	1
MTERF4	1
MTF1	1
MTF2	3
MTFMT	18
MTG2	1
MTHFD1	15
MTHFD1L	3
MTHFR	135
MTHFS	4
MTHFSD	1
MTIF2	2
MTM1	347
MTMR11	1
MTMR12	2
MTMR14	3
MTMR2	32
MTMR3	6
MTMR4	1
MTMR8	3
MTMR9	3
MTNR1A	10
MTNR1B	30
MTO1	29
MTOR	39
MTPAP	2
MTR	46
MTREX	1
MTRR	45
MTSS1	2
MTSS2	1
MTTP	80
MTUS1	4
MTX1	1
MUC1	3
MUC13	1
MUC16	13
MUC17	6
MUC19	1
muc1tv9	6
MUC2	2
MUC20	1
MUC21	2
MUC3A	1
MUC4	4
muc4tv1	3
MUC5B	14
MUC6	6
MUC7	1
MUCL3	1
MUS81	3
MUSK	24
MUTYH	199
mutyhtva3	3
MVB12B	13
MVD	19
MVK	186
MX1	4
MX2	4
MXRA5	3
MXRA8	2
MYADML2	1
MYB	8
MYBBP1A	6
MYBL2	2
MYBPC1	15
MYBPC2	4
MYBPC3	1085
MYBPH	1
MYBPHL	5
MYC	9
MYCBP2	10
MYCBPAP	1
MYCL	2
MYCN	49
MYCT1	1
MYD88	8
MYEF2	3
MYF5	2
MYF6	2
MYH1	2
MYH10	9
MYH11	82
myh11tv2a	1
myh11tvsm2b	2
MYH13	2
MYH14	47
MYH15	8
MYH2	28
MYH3	49
MYH4	2
MYH6	141
MYH7	1055
MYH7B	9
MYH8	6
MYH9	137
MYL1	2
MYL2	69
MYL3	41
MYL4	2
MYLIP	2
MYLK	56
MYLK2	13
MYLK3	3
MYLPF	1
MYMK	7
MYNN	1
MYO10	5
MYO15A	293
MYO16	9
MYO18A	4
MYO18B	11
MYO1A	20
MYO1C	12
MYO1D	1
MYO1E	30
MYO1F	7
MYO1G	2
MYO1H	2
MYO3A	24
MYO3B	1
MYO5A	12
MYO5B	86
MYO5C	3
MYO6	74
MYO7A	581
myo7atv2	6
myo7atv3	1
MYO7B	6
MYO9A	7
MYO9B	10
MYOC	147
MYOCD	6
MYOD1	6
MYOF	4
MYOG	1
MYOM1	19
MYOM2	9
MYOM3	3
MYORG	32
MYOT	17
MYOZ1	1
MYOZ2	12
MYPN	49
MYRF	27
MYRIP	1
MYSM1	4
MYT1	6
MYT1L	68
N4BP1	3
N4BP2L2	1
NAA10	21
NAA15	46
NAA16	1
NAA20	1
NAA25	1
NAA30	1
NAA35	1
NAA40	1
NAALADL2	3
NACA	2
NACC1	3
NADK2	3
NAF1	2
NAGA	12
NAGLU	227
NAGPA	18
NAGS	49
NAIP	5
NALCN	70
NAMPT	6
NANOS1	3
NANOS3	2
NANP	1
NANS	12
NAP1L2	1
NAP1L3	1
NAPB	1
NAPRT	1
NAPSA	1
NARS	1
NARS2	14
NAT1	13
NAT10	3
NAT2	16
NAT8	2
NAT8L	1
NAV1	2
NAV2	6
NAV3	2
NAXD	3
NAXE	10
NBAS	62
NBEA	37
NBEAL1	3
NBEAL2	51
NBEAP1	1
NBL1	1
NBN	205
NBPF1	1
NBPF11	1
NBPF17P	1
NBPF8	1
NBPF9	1
NCALD	1
NCAM1	1
NCAM2	5
NCAN	4
NCAPD2	4
NCAPD3	5
NCAPG	1
NCAPG2	4
NCAPH	1
NCBP1	1
NCDN	1
NCF1	53
NCF2	83
NCF4	14
ncf4i1	2
NCK1	2
NCKAP1	10
NCKAP5	4
NCKAP5L	1
NCKIPSD	3
NCL	1
NCLN	1
NCOA1	4
NCOA2	2
NCOA3	6
NCOA5	1
NCOA6	4
NCOA7	3
NCOR1	12
NCOR2	10
NCR3	2
NCS1	1
NCSTN	33
NDC1	2
NDE1	22
NDN	2
NDOR1	1
NDP	184
NDRG1	11
NDRG3	3
NDRG4	2
NDST1	11
NDST2	2
NDST4	1
NDUFA1	5
NDUFA10	6
NDUFA11	1
ndufa11tv2	2
NDUFA12	4
NDUFA13	3
NDUFA2	4
NDUFA3	1
NDUFA4	2
NDUFA6	9
NDUFA8	2
NDUFA9	3
NDUFAF1	7
NDUFAF2	9
NDUFAF3	9
NDUFAF4	3
NDUFAF5	14
NDUFAF6	13
NDUFAF7	2
NDUFB1	1
NDUFB10	2
NDUFB11	6
NDUFB3	2
NDUFB4	2
NDUFB6	1
NDUFB8	4
NDUFB9	2
NDUFC2	1
NDUFS1	30
ndufs1tv2	1
NDUFS2	26
NDUFS3	4
NDUFS4	17
NDUFS5	1
NDUFS6	7
NDUFS7	8
NDUFS8	16
NDUFV1	37
NDUFV2	9
NDUFV3	6
NEB	342
nebi3	10
NEBL	22
NECAB3	1
NECAP1	2
NECAP2	2
NECTIN1	15
NECTIN2	5
NECTIN3	2
NECTIN4	10
NEDD4	4
NEDD4L	12
NEDD9	2
NEFH	36
NEFL	47
NEFM	3
NEGR1	7
NEIL1	7
NEIL2	6
NEIL3	1
NEK1	30
NEK10	4
NEK11	4
nek1tv1	43
NEK2	4
nek2tv2	1
NEK4	4
NEK8	24
NEK9	4
NELFA	4
NELFB	1
NELL1	7
NELL2	1
NEMF	5
NEO1	6
NEPRO	2
NES	1
NET1	1
NEU1	71
NEU2	1
NEU4	1
NEURL1	1
NEURL4	3
NEUROD1	23
NEUROD2	2
NEUROG1	2
NEUROG3	11
NEXMIF	44
NEXN	46
nexn-as1	1
NF1	3345
nf1tv1	93
nf1tv3	2
NF2	450
NFASC	7
nfasctv1	1
NFAT5	3
NFATC1	17
NFATC2	4
NFATC4	1
NFE2L1	2
NFE2L2	8
NFE2L3	1
NFIA	19
NFIB	23
NFIL3	2
NFIX	111
NFKB1	40
NFKB2	22
NFKBIA	19
NFKBIE	1
NFKBIL1	5
NFKBIZ	2
NFRKB	1
NFS1	1
NFU1	16
NFX1	1
NFXL1	7
NGEF	2
NGF	7
NGFR	4
NGLY1	28
NHEJ1	16
NHLH2	2
NHLRC1	73
NHLRC2	2
NHP2	3
NHS	66
NHSL1	2
NID1	5
NID2	6
NIN	9
NINJ1	1
NINL	1
NIPA1	18
NIPA2	4
NIPAL3	2
NIPAL4	21
NIPBL	457
NIPSNAP1	3
NIPSNAP3A	3
NISCH	2
NKAIN2	3
NKAIN3	1
NKD2	3
NKPD1	5
NKTR	1
NKX2-1	153
NKX2-2	3
NKX2-3	4
NKX2-5	122
nkx2-5tv3	2
NKX2-6	10
NKX2-8	3
NKX3-1	2
NKX3-2	5
NKX6-1	2
NKX6-2	9
NLGN1	12
NLGN2	4
NLGN3	11
nlgn3tv1	3
NLGN4X	37
NLGN4Y	1
NLRC4	14
NLRC5	5
NLRP1	18
NLRP10	3
NLRP11	1
NLRP12	31
NLRP14	6
NLRP2	17
NLRP3	159
NLRP5	11
NLRP7	81
nlrp7v1	3
nlrp7v3	3
NLRP8	1
NLRX1	4
NMB	2
NME1	1
NME3	1
NME7	2
NME8	10
NMNAT1	76
NMNAT2	4
NMRK1	1
NMS	2
NMT1	2
NMT2	2
NMU	2
NNT	45
NOB1	1
NOBOX	17
NOC2L	1
NOC3L	1
NOD1	7
NOD2	136
NODAL	28
NOG	68
NOL3	3
NOL4	1
NOL6	2
NOL8	1
NOLC1	1
NOM1	1
NONO	5
NOP10	1
NOP14	1
NOP2	1
NOP53	4
NOP56	1
NOS1	20
NOS1AP	7
nos1e1c	1
NOS2	15
NOS3	18
NOSIP	3
NOTCH1	173
NOTCH2	88
NOTCH2NLA	1
NOTCH2NLC	1
NOTCH3	398
NOTCH4	6
NOVA2	1
NOX1	9
NOX4	2
NPAS1	1
NPAS2	4
NPAS3	5
NPAS4	3
NPAT	2
NPBWR1	1
NPC1	521
NPC1L1	45
NPC2	28
NPEPPS	1
NPFFR2	1
NPHP1	85
NPHP3	83
NPHP4	118
NPHS1	358
NPHS2	222
NPL	6
NPM1	1
NPNT	2
NPPA	11
NPPB	2
NPPC	9
NPR1	9
NPR2	82
NPR3	10
NPRL2	10
NPRL3	19
NPS	1
NPSR1	4
NPTN	3
NPW	1
NPY	6
NPY1R	2
NPY2R	9
NPY4R	8
NQO1	4
NQO2	5
NR0B1	267
NR0B2	22
NR1D1	2
NR1D2	2
NR1H2	2
NR1H3	7
NR1H4	8
NR1I2	16
NR1I3	3
NR2C1	1
NR2E1	7
NR2E3	91
NR2F1	36
NR2F1-AS1	1
NR2F2	23
nr2f2ib	1
NR3C1	47
NR3C2	79
NR4A1	1
NR4A2	25
NR5A1	220
NR6A1	3
NRAP	8
NRAS	16
NRCAM	1
NRDC	2
NRG1	22
nrg1ggf2	3
nrg1smdf	3
NRG2	2
NRG3	5
NRG4	1
NRGN	5
NRIP1	9
NRK	9
NRL	25
NRN1	2
NRP1	6
NRP2	6
NRROS	3
NRTN	3
NRXN1	394
nrxn1b	14
NRXN2	7
nrxn2a1	3
nrxn2b	1
NRXN3	26
NSD1	541
NSD2	28
NSDHL	33
NSMAF	2
NSMCE2	2
NSMCE3	2
NSMF	10
NSUN2	8
NSUN3	2
NSUN7	2
NT5C1A	1
NT5C1B	2
NT5C2	8
NT5C3A	30
NT5DC1	1
NT5E	9
NTAN1	2
NTF3	3
NTF4	11
NTHL1	14
NTM	3
NTN1	5
NTN5	1
NTNG1	4
NTNG2	2
NTRK1	130
ntrk1tv3	3
NTRK2	16
NTRK3	12
NTSR2	1
NUAK1	2
NUB1	2
NUBP2	2
NUBPL	15
NUCB1	1
NUCB2	2
NUDC	1
NUDCD1	2
NUDT1	8
NUDT15	9
NUDT17	1
NUDT19	1
NUDT2	1
NUDT6	2
NUDT7	3
NUMA1	5
NUMB	2
NUMBL	2
NUP107	16
NUP133	6
NUP155	2
nup155tv2	1
NUP160	5
NUP188	7
NUP205	6
NUP210	8
NUP214	9
NUP37	3
NUP43	1
NUP50	2
NUP54	1
NUP62	1
NUP85	5
NUP88	3
NUP93	17
NUP98	4
NUS1	23
NUTM1	1
NVL	2
NWD1	2
NXF3	3
NXF5	5
NXN	5
NXNL1	8
NXPE4	1
NXPH1	2
NXPH3	1
NYAP2	1
NYNRIN	6
NYX	93
OARD1	1
OAS1	5
oas1i3	1
OAS3	2
OAT	75
OAZ1	1
OBSCN	18
obscntv2	9
OBSL1	39
obsl1tv3	1
OCA2	343
OCEL1	1
OCLN	20
OCM2	1
OCRL	268
ODAPH	6
ODC1	8
ODF2L	1
ODF4	1
OFD1	172
ofd1_2	1
OGA	1
OGDH	1
OGDHL	19
OGG1	29
ogg1tv2a	1
ogg1tv2d	1
OGT	8
OLFM1	1
OLFM2	6
OLFM3	1
OLFML2B	1
OLIG3	1
OLR1	4
OMA1	1
OMG	3
ONECUT1	1
OOEP	1
OPA1	400
opa1tv8	35
OPA3	16
opa3tv1	1
OPALIN	1
OPCML	2
OPHN1	52
OPLAH	31
OPN1LW	67
OPN1MW	21
OPN1SW	9
OPN4	9
OPRD1	2
OPRK1	2
OPRL1	1
OPRM1	19
OPTC	2
OPTN	79
OR10C1	1
OR10G3	1
OR10G4	11
OR10G7	2
OR10H1	1
OR10J3	2
OR10J5	1
OR10Q1	1
OR10V1	1
OR10X1	1
OR10Z1	3
OR11H7	1
OR11L1	1
OR12D2	1
OR13G1	1
OR13H1	1
OR1A1	2
OR1B1	1
OR1D2	1
OR1E1	1
OR1F1	1
OR1J1	1
OR1P1	1
OR1S1	2
OR1S2	1
OR2A12	1
OR2A25	2
OR2B11	6
OR2C1	6
OR2F1	1
OR2F2	1
OR2J1	1
OR2J2	4
OR2J3	5
OR2K2	1
OR2L3	1
OR2M2	1
OR2T1	1
OR2T10	1
OR2T3	1
OR2W1	2
OR2W3	1
OR4A8	1
OR4C16	1
OR4C45	1
OR4C46	2
OR4E2	1
OR4F5	1
OR4M1	1
OR4M2	1
OR4Q3	1
OR4S1	1
OR4X1	1
OR4X2	1
OR51A2	1
OR51G1	1
OR51L1	3
OR52E4	1
OR52E6	1
OR52H1	1
OR52I2	1
OR52M1	1
OR52N4	1
OR52N5	1
OR5AC2	1
OR5BS1P	1
OR5F1	1
OR5H14	1
OR5H2	1
OR5H6	1
OR5M1	1
OR5M8	1
OR5M9	1
OR6C3	1
OR6C6	1
OR6C65	1
OR6C75	1
OR6P1	1
OR6V1	1
OR6Y1	2
OR7C1	4
OR7D4	3
OR8H1	1
OR8K3	2
OR9I1	1
ORAI1	24
ORC1	12
ORC2	1
ORC3	1
ORC4	9
ORC6	6
orf15	266
ORM1	2
ORMDL3	4
OSBP	2
OSBPL1A	1
OSBPL2	4
OSBPL3	1
OSBPL5	1
OSBPL6	1
OSBPL8	1
OSBPL9	2
OSER1	1
OSGEP	19
OSGEPL1	1
OSGIN1	1
OSMR	14
OSR1	1
OSTC	3
OSTM1	10
OTC	538
OTOA	40
OTOF	193
otofe48	1
otoftv3	1
otoftv4	3
OTOG	10
OTOGL	24
OTOP2	1
OTOR	2
OTUD1	6
OTUD4	3
OTUD5	1
OTUD6B	7
OTUD7A	4
OTULIN	5
OTX1	7
OTX2	81
OVGP1	1
OVOL1	1
OVOL2	4
ovos2	4
OXA1L	2
OXCT1	35
OXER1	1
OXR1	2
OXTR	6
p14arf	31
P2RX1	1
P2RX2	4
P2RX4	3
P2RX5	2
p2rx5e10	1
P2RX7	20
P2RY1	4
P2RY11	12
P2RY12	15
P2RY2	2
P3H1	68
P3H2	11
P4HA1	2
P4HA2	8
P4HA3	2
P4HB	14
PABPC1	2
PABPC1L	1
PABPC4L	2
PABPN1	23
PACRG	6
PACS1	3
PACS2	3
PACSIN2	1
PADI2	1
PADI3	11
PADI4	1
PADI6	19
PAEP	1
PAFAH1B1	188
PAFAH1B2	3
pafah1b2tv4	1
PAFAH1B3	3
PAG1	2
PAH	1013
PAK1	2
PAK3	14
pak3tv6	1
PAK5	2
PAK6	3
PALB2	629
PALD1	2
PALLD	6
PALM2	3
PAM	2
PAM16	2
PAN2	2
PAN3	1
PANK2	188
PANK4	1
PANX1	6
PAOX	2
PAPOLA	1
PAPOLB	1
PAPOLG	1
PAPPA	1
PAPPA2	4
PAPSS2	29
PAQR8	1
PAQR9	1
PARD3	6
PARD3B	3
PARD6A	2
PARK7	43
PARL	3
PARM1	1
PARN	36
PARP1	17
PARP10	2
PARP14	1
PARP15	1
PARP2	5
PARP4	5
PARP8	1
PARP9	1
PARS2	7
PARVB	1
PASK	12
PATE1	1
PATJ	1
PATL2	20
PAWR	2
PAX1	11
PAX2	110
pax2tvc	2
pax2tve	1
PAX3	171
PAX4	24
PAX5	8
PAX6	592
pax6tv2	9
PAX7	14
pax7i3	1
PAX8	52
pax8tvpax8c	2
PAX9	59
PAXBP1	1
PBRM1	3
PBX1	33
PBX3	2
PBX4	4
PC	49
PCARE	62
PCAT1	2
PCAT19	1
PCBD1	11
PCBP1	1
PCBP2	1
PCBP3	1
PCCA	153
PCCB	138
PCDH1	1
PCDH10	3
PCDH11X	15
pcdh11xtvb	1
PCDH12	11
PCDH15	137
pcdh15tva	27
pcdh15tvi	13
pcdh15tvk	5
PCDH17	2
PCDH18	2
PCDH19	283
PCDH7	3
PCDH9	2
PCDHA1	1
PCDHA10	2
pcdha10tv2	1
PCDHA11	2
PCDHA12	1
PCDHA13	3
PCDHA2	2
PCDHA3	6
pcdha3tv2	1
PCDHA6	2
PCDHA7	2
PCDHA9	5
PCDHAC1	1
PCDHAC2	1
PCDHB16	2
PCDHB4	2
PCDHGA10	2
PCDHGA2	1
PCDHGA3	1
PCDHGA4	2
PCDHGB2	2
PCDHGB4	1
PCDHGB6	1
PCDHGB7	1
PCF11	1
PCGF2	3
PCGF5	1
PCK1	11
PCK2	2
PCLO	7
PCM1	8
PCMT1	13
PCNA	1
PCNT	103
PCNX1	4
PCNX2	3
PCOLCE	4
PCSK1	54
PCSK2	6
PCSK4	1
PCSK5	5
PCSK6	12
PCSK7	2
PCSK9	116
PCTP	2
PCYOX1	1
PCYT1A	22
PDCD1	5
PDCD10	84
PDCD11	1
PDCD2	1
PDCD4	1
PDCD5	2
PDCD6	1
PDCD6IP	2
PDE10A	9
PDE11A	23
PDE1A	2
PDE1B	1
PDE1C	3
PDE2A	1
PDE3A	12
PDE3B	2
PDE4A	2
PDE4B	2
PDE4C	1
PDE4D	45
PDE4DIP	2
pde4dipi9	1
PDE5A	2
PDE6A	74
PDE6B	160
PDE6C	64
PDE6D	2
PDE6G	2
PDE6H	2
PDE7B	2
PDE8B	11
PDGFB	23
PDGFC	3
PDGFD	2
PDGFRA	34
PDGFRB	29
PDGFRL	1
PDHA1	196
PDHA2	1
PDHB	13
PDHX	22
PDIA2	2
PDIA3	8
PDIA4	3
PDIA5	1
PDIA6	1
PDILT	2
PDK1	1
PDK2	1
PDK3	4
PDK4	1
PDLIM1	1
PDLIM3	7
PDLIM4	3
PDLIM5	3
PDLIM7	1
PDP1	4
PDPK1	3
PDPR	1
PDS5A	3
PDS5B	1
PDSS1	3
PDSS2	6
PDX1	40
PDXDC1	2
PDXK	3
PDYN	20
PDZD2	6
PDZD4	1
PDZD7	29
PDZD8	1
PDZK1	1
PEAK1	1
PEAR1	4
PEBP1	1
PEBP4	1
PECAM1	3
PECR	2
PEG3	2
PELI1	1
PELI3	1
PEMT	2
PENK	2
PEPD	35
PER1	7
PER2	9
PER3	6
PERCC1	2
PERP	4
PET100	2
PET117	1
PEX1	141
PEX10	33
PEX11B	8
PEX11G	1
PEX12	38
PEX13	12
PEX14	5
PEX16	17
PEX19	5
PEX2	18
PEX26	31
PEX3	10
PEX5	14
PEX5L	1
PEX6	112
PEX7	54
PFAS	2
PFDN6	1
PFKFB1	1
PFKFB2	1
PFKL	3
PFKM	27
PFKP	2
PFN1	9
PGA5	1
PGAM1	2
PGAM2	11
PGAM4	1
PGAM5	2
PGAP1	13
PGAP2	8
pgap2tv1	3
PGAP3	19
PGBD1	1
PGBD4	1
PGC	1
PGD	2
PGF	2
PGK1	31
PGLYRP2	5
PGLYRP3	3
PGLYRP4	3
PGM1	38
pgm1tv2	3
PGM2	1
PGM3	18
PGR	4
PGRMC1	4
PGS1	2
PHACTR1	6
PHB	2
PHB2	1
PHC1	1
PHC2	2
PHEX	588
PHF10	2
PHF11	2
PHF12	1
PHF19	3
PHF2	2
PHF20	2
PHF20L1	1
PHF21A	15
PHF23	2
PHF3	8
phf3tv3	1
PHF6	30
PHF7	3
PHF8	17
phf8tv1	2
phf8tv3	1
PHGDH	27
PHIP	54
PHKA1	8
PHKA2	115
PHKB	26
phkbtv2	1
PHKG2	33
PHLDA1	1
PHLDA2	1
PHLDB1	1
PHLDB2	1
PHLDB3	1
PHLPP1	3
PHLPP2	1
PHOX2A	5
PHOX2B	101
PHPT1	1
PHRF1	5
PHTF2	1
PHYH	37
PHYKPL	2
PI15	1
PI16	1
PI3	1
PI4K2A	1
PI4K2B	1
PI4KA	4
PIANP	1
PIAS1	3
PIAS4	3
PIBF1	9
PICALM	5
PICK1	3
PID1	1
PIDD1	4
PIEZO1	97
PIEZO2	40
PIF1	2
PIFO	1
PIGA	30
PIGB	10
PIGC	4
PIGF	1
PIGG	7
PIGH	2
PIGL	13
PIGM	1
PIGN	40
PIGO	21
PIGP	2
PIGQ	4
PIGR	2
PIGS	7
PIGT	13
PIGU	1
PIGV	16
PIGW	7
PIGY	2
PIGZ	2
PIH1D3	12
PIK3AP1	4
PIK3C2A	5
PIK3C2B	6
PIK3C2G	2
PIK3C3	4
PIK3CA	60
PIK3CB	4
PIK3CD	21
PIK3CG	4
PIK3R1	34
pik3r1tv2	1
PIK3R2	9
PIK3R3	2
PIK3R4	3
PIK3R5	2
PIKFYVE	17
PILRA	1
PIM3	1
PIMREG	1
PIN1	6
PINK1	145
PIP4K2A	2
PIP4K2C	1
PIP5K1A	1
PIP5K1C	3
PIR	1
PISD	1
PITPNM1	2
PITPNM3	7
PITRM1	3
PITX1	18
PITX2	119
pitx2b	1
pitx2c	13
PITX3	16
PIWIL1	7
PIWIL3	1
PIWIL4	2
PJA2	1
PJVK	25
PKD1	2072
PKD1L1	16
PKD1L2	1
PKD1L3	4
PKD2	352
PKDCC	1
PKDREJ	1
PKHD1	584
PKHD1L1	4
PKLR	285
PKM	12
PKMYT1	1
PKN1	2
PKN2	3
PKNOX1	1
PKNOX2	1
PKP1	19
PKP2	307
PKP3	1
PLA2G10	1
PLA2G12A	1
PLA2G12B	1
PLA2G15	1
PLA2G2A	4
PLA2G2D	2
PLA2G4A	7
PLA2G4C	2
PLA2G5	7
PLA2G6	191
pla2g6tv	1
PLA2G7	22
PLA2R1	4
PLAA	6
PLAG1	3
PLAGL1	2
PLAT	6
PLAU	6
PLAUR	3
PLB1	23
PLCB1	15
PLCB2	1
PLCB3	2
PLCB4	17
PLCD1	13
PLCD3	2
PLCD4	3
PLCE1	79
PLCG1	2
PLCG2	20
PLCH1	1
PLCH2	2
PLCL2	1
PLCXD3	2
PLCZ1	9
PLD1	4
PLD2	4
PLD3	22
PLD4	1
PLD5	1
PLEC	114
plec1a	2
plec1f	2
plectv10	1
PLEKHA1	1
PLEKHA3	1
PLEKHA4	2
PLEKHA5	7
PLEKHA6	5
PLEKHA7	7
PLEKHA8	2
PLEKHB2	1
PLEKHD1	2
PLEKHF1	1
PLEKHG2	3
PLEKHG4	2
PLEKHG5	13
plekhg5tv6	1
PLEKHG7	5
PLEKHH1	2
PLEKHH2	1
PLEKHM1	4
PLEKHM2	1
PLEKHO1	1
PLEKHO2	1
PLG	79
PLIN1	10
PLIN2	1
PLIN4	1
PLK1	3
PLK2	1
PLK4	10
PLN	38
PLOD1	45
PLOD2	27
PLOD3	6
PLP1	359
PLP2	2
PLPBP	15
PLPP1	1
PLPP2	3
PLPP3	2
PLPP6	1
PLPPR4	1
PLRG1	1
PLS1	2
PLS3	20
PLTP	5
PLVAP	4
PLXDC1	1
PLXDC2	3
PLXNA1	24
PLXNA2	7
PLXNA3	13
PLXNA4	9
PLXNB1	11
PLXNB2	1
PLXNB3	3
PLXNC1	2
PLXND1	9
PM20D1	3
PMAIP1	1
PMEL	10
PMFBP1	9
PML	5
pml4	1
PMM1	3
PMM2	130
PMP2	5
PMP22	169
PMPCA	9
PMPCB	5
PMS1	37
PMS2	416
PMS2P3	1
PMVK	11
PNISR	1
PNKD	5
PNKP	34
PNLIP	6
PNLIPRP2	1
PNMT	7
PNP	40
PNPLA1	57
PNPLA2	53
PNPLA3	7
PNPLA4	1
PNPLA5	10
PNPLA6	64
PNPLA7	3
PNPLA8	6
PNPO	33
PNPT1	17
POC1A	9
POC1B	10
POC5	5
PODXL	14
PODXL2	1
POF1B	3
POFUT1	16
POGLUT1	27
POGZ	75
POLA1	8
POLA2	1
POLB	2
POLD1	40
POLD3	5
POLE	96
POLE2	3
POLG	329
POLG2	15
POLH	85
POLI	4
POLK	4
POLL	3
POLN	2
POLQ	28
POLR1A	6
POLR1C	22
POLR1D	26
POLR1E	1
POLR2A	17
POLR2C	2
POLR2E	1
POLR2M	2
POLR3A	121
POLR3B	63
POLR3C	4
POLR3F	1
POLR3H	1
POLR3K	1
POLRMT	2
POM121	1
POM121C	1
POM121L12	1
POMC	44
POMGNT1	92
POMGNT2	10
POMK	8
POMP	4
POMT1	107
POMT2	77
PON1	22
PON2	5
PON3	6
POP1	7
POR	94
PORCN	127
POSTN	3
POT1	48
POTEA	1
POU1F1	47
POU2AF1	1
POU2F1	1
POU3F2	7
POU3F3	18
POU3F4	89
POU4F3	38
POU5F1	6
POU5F1B	3
POU6F2	4
PPA2	9
PPARA	9
PPARD	3
PPARG	58
PPARGC1A	10
PPARGC1B	8
PPAT	1
PPCS	4
PPEF2	1
PPFIA1	2
PPFIA2	1
PPFIA4	1
PPFIBP1	1
PPFIBP2	8
PPIA	3
PPIB	14
PPIG	1
PPIP5K1	1
PPIP5K2	5
PPL	2
PPM1A	1
PPM1B	1
PPM1D	81
PPM1F	1
PPM1G	1
PPM1K	4
PPOX	187
PPP1CB	12
PPP1CC	1
PPP1R12A	1
PPP1R12B	1
PPP1R13L	3
PPP1R14D	1
PPP1R15A	2
PPP1R15B	5
PPP1R1A	1
PPP1R21	8
PPP1R26	1
PPP1R35	1
PPP1R3A	5
PPP1R3C	2
PPP1R9A	13
PPP2CA	15
PPP2CB	1
PPP2R1A	7
PPP2R1B	3
PPP2R2B	6
PPP2R2C	1
PPP2R2D	1
PPP2R3A	5
PPP2R3C	3
PPP2R5B	3
PPP2R5C	2
PPP2R5D	11
PPP2R5E	2
PPP3CA	16
PPP3CB	1
PPP3R1	1
PPP4C	1
PPP4R1	1
PPP4R3A	1
PPP4R4	1
PPP5C	2
PPP6R1	2
PPP6R2	1
PPP6R3	2
PPRC1	2
PPT1	82
PPWD1	1
PQBP1	22
PQLC1	1
PQLC2	1
PRADC1	1
PRAME	1
PRAMEF1	1
PRAMEF12	1
PRAMEF2	1
PRAMEF33	1
PRAMEF8	1
PRB1	3
PRB3	3
PRB4	2
PRCD	7
PRCP	2
PRDM1	8
PRDM10	6
PRDM12	11
PRDM13	10
PRDM14	1
PRDM15	2
PRDM16	23
PRDM2	3
PRDM5	13
PRDM6	4
PRDM7	1
PRDM8	1
PRDM9	6
PRDX1	3
PRDX2	1
PRDX4	1
PRDX6	1
PRELID3B	1
PREP	2
PREPL	21
PREX1	3
PREX2	5
PRF1	195
PRG4	35
PRICKLE1	22
PRICKLE2	8
PRICKLE3	2
PRIM1	1
PRIM2	2
PRIMA1	1
PRIMPOL	2
PRKAA1	2
PRKAA2	5
PRKAB2	1
PRKACA	4
PRKACB	2
PRKACG	1
PRKAG1	1
PRKAG2	63
PRKAG3	1
PRKAR1A	194
PRKAR1B	6
PRKAR2A	1
PRKAR2B	3
PRKCA	15
PRKCB	5
PRKCD	7
PRKCE	1
PRKCG	54
PRKCH	2
PRKCQ	2
PRKCSH	31
PRKD1	10
PRKD2	2
PRKDC	12
PRKG1	7
PRKG2	12
PRKN	478
PRKRA	13
PRL	1
PRLHR	2
PRLR	6
PRM1	4
PRM2	2
PRMT2	1
PRMT3	2
PRMT7	14
PRMT8	1
PRMT9	1
PRNCR1	1
PRND	3
PRNP	112
prnptv2	1
PROC	416
PROCA1	1
PROCR	8
PRODH	28
PRODH2	9
PROK1	3
PROK2	21
PROKR1	2
PROKR2	86
PROM1	93
PROM2	1
PROP1	43
PROS1	444
PROSER2	1
PROX1	1
PROX2	1
PROZ	8
PRPF18	1
PRPF3	7
PRPF31	196
PRPF38B	1
PRPF39	1
PRPF4	4
PRPF40B	2
PRPF4B	1
PRPF6	11
PRPF8	55
PRPH	11
PRPH2	192
PRPS1	36
PRPS1L1	1
PRPS2	1
PRPSAP2	1
PRR12	3
PRR14	1
PRR23A	1
PRR30	1
PRR5L	1
PRRC2A	11
PRRC2B	3
PRRC2C	3
PRRG4	1
PRRT2	117
PRRX1	12
PRRX2	1
PRSS1	69
PRSS12	2
PRSS16	6
PRSS2	2
PRSS37	2
PRSS38	2
PRSS3P2	1
PRSS48	1
PRSS53	2
PRSS56	30
PRSS8	1
PRTG	1
PRUNE1	12
PRUNE2	3
PRX	62
PSAP	33
PSAPL1	1
PSAT1	10
PSCA	2
PSD	1
PSD2	1
PSD3	4
PSD4	1
PSEN1	337
psen1mv	1
PSEN2	73
PSENEN	18
PSG11	1
PSG2	1
PSMA1	1
PSMA3	3
PSMA6	1
PSMA7	1
PSMA8	1
PSMB1	1
PSMB10	1
PSMB4	5
PSMB7	1
PSMB8	12
PSMB9	5
PSMC2	2
PSMC3IP	10
PSMC4	2
PSMC5	2
PSMD10	1
PSMD12	10
PSMD2	2
PSMD3	2
PSMD5	1
PSMD6	2
PSMD7	1
PSMD8	1
PSMD9	1
PSME4	2
PSMG4	2
PSORS1C1	2
PSPC1	2
PSPH	9
PSPN	3
PSTPIP1	29
PTAFR	2
PTAR1	1
PTBP1	2
PTBP2	2
PTCD1	3
PTCD3	2
PTCH1	551
ptch1am	1
ptch1tv1a	3
PTCH2	11
PTCHD1	49
PTCHD3	3
PTCRA	1
PTCSC3	1
PTDSS1	7
PTEN	699
ptenil	2
PTF1A	17
PTGDR	4
PTGDR2	3
PTGDS	1
PTGER2	1
PTGER3	1
PTGER4	3
PTGES	2
PTGES2	1
PTGFR	1
PTGFRN	2
PTGIR	7
PTGIS	5
PTGR1	1
PTGS1	10
PTGS2	9
PTH	8
PTH1R	48
PTH2R	2
PTHLH	22
PTK2	4
PTK2B	3
ptk2tv3	8
PTK6	1
PTK7	12
ptk7ie	2
PTPN1	3
PTPN11	157
ptpn11tv2	1
PTPN12	6
PTPN13	8
PTPN14	2
PTPN2	5
PTPN21	2
PTPN22	14
PTPN23	6
PTPN3	2
PTPN4	4
PTPN5	1
PTPN6	3
PTPN7	2
PTPRA	1
PTPRB	2
PTPRC	8
PTPRCAP	1
PTPRD	14
PTPRF	8
PTPRG	8
PTPRH	2
PTPRJ	15
PTPRK	1
PTPRM	6
PTPRO	11
PTPRQ	36
PTPRS	6
PTPRT	11
PTPRU	2
PTPRZ1	1
PTRH2	3
ptrh2ia	1
PTRHD1	4
PTS	117
PTTG1IP	1
PTX3	1
PUF60	36
PUM1	15
PUM2	1
PURA	68
PUS1	12
PUS3	7
PUS7	7
PVR	1
pvrl1b	2
pvrtv4	1
PVT1	1
PWRN2	2
PWWP2A	1
PWWP3A	1
PXDN	15
PXDNL	7
PXN	1
PXT1	2
PYCARD	1
PYCR1	45
pycr1tv2	1
PYCR2	14
PYCR3	1
PYGL	47
PYGM	174
PYGO1	1
PYGO2	3
PYHIN1	3
PYROXD1	8
PYROXD2	1
PYY	8
PZP	3
QARS	10
QDPR	67
QKI	2
QPRT	2
QRFPR	1
QRICH1	16
QRICH2	8
QRSL1	7
QSER1	1
QSOX2	1
QTRT2	2
R3HDM2	1
RAB10	1
RAB11A	4
RAB11B	2
RAB11FIP2	1
RAB11FIP5	4
RAB12	5
RAB18	5
RAB21	1
RAB23	15
RAB25	1
RAB27A	61
RAB28	7
RAB29	3
RAB2A	2
RAB31	2
RAB33B	7
RAB34	1
RAB39B	22
RAB3GAP1	74
RAB3GAP2	17
RAB3IL1	1
RAB40AL	2
RAB43	3
RAB7A	7
RABEP1	1
RABGAP1L	4
RABGGTA	1
RABGGTB	1
RABL3	2
RABL6	2
RAC1	18
RAC2	6
RAC3	4
RACK1	1
RAD17	1
RAD18	1
RAD21	19
RAD21L1	2
RAD23B	2
RAD50	123
RAD51	22
RAD51B	30
RAD51C	143
RAD51D	99
rad51dtv6	8
RAD52	9
RAD54B	2
RAD54L	5
RAD54L2	3
RAD9A	1
RAD9B	1
RADIL	2
RAET1L	2
RAF1	68
RAG1	199
RAG2	89
RAI1	125
RAI2	1
RALA	7
RALGAPA1	4
ralgapa1i7	1
RALGAPA2	1
RALGAPB	25
RALGDS	1
RAN	2
RANBP1	1
RANBP17	1
RANBP2	9
RANBP6	2
RANBP9	1
RANGAP1	2
RANGRF	5
RAP1A	2
RAP1B	1
RAP1GAP	1
RAPGEF1	1
RAPGEF2	3
RAPGEF3	1
RAPGEF4	2
RAPGEF6	1
RAPSN	65
RARA	2
RARB	6
RARG	2
RARS	15
RARS2	41
RASA1	175
RASA2	5
RASAL1	2
RASAL2	1
RASAL3	1
RASEF	6
RASGEF1A	1
RASGEF1B	11
RASGRF1	1
RASGRP1	11
RASGRP2	23
RASGRP3	1
RASGRP4	1
RASIP1	1
RASSF1	3
RASSF4	1
RASSF5	1
RASSF9	1
RAVER1	2
RAX	15
RAX2	9
RB1	1170
RB1CC1	4
RBBP4	1
RBBP5	2
RBBP6	6
RBBP8	6
RBCK1	14
RBFA	1
RBFOX1	42
rbfox1i4	10
RBFOX2	4
RBFOX3	3
RBL1	2
RBL2	4
RBM10	12
RBM12	6
RBM12B	2
RBM14	1
RBM15	3
RBM15B	1
RBM20	72
RBM27	2
RBM28	1
RBM3	1
RBM33	1
RBM43	1
RBM45	1
RBM47	2
RBM48	1
RBM4B	1
RBM7	1
RBM8A	15
RBMS1	1
RBMS2	1
RBMS3	1
RBMX	1
RBMXL2	2
RBMY1A1	1
RBP1	1
RBP3	18
RBP4	9
RBP5	1
RBPJ	10
RBPJL	1
RBSN	2
RBX1	1
RC3H1	2
RCAN1	3
rcan1tv3	1
RCBTB1	10
RCC1	1
RCC1L	1
RCCD1	1
RCL1	1
RCOR1	1
RCOR2	1
RD3	13
RDH10	1
RDH11	3
RDH12	116
RDH5	54
RDH8	3
RDX	15
REC114	1
REC8	4
RECK	1
RECQL	34
RECQL4	145
RECQL5	13
REEP1	66
reep1tv1	3
reep1tv4	1
REEP2	5
REEP4	5
REEP6	8
REG1CP	1
REL	1
RELA	3
RELB	1
RELN	78
RELT	4
REM2	1
REN	23
RENBP	2
REPIN1	2
REPS1	2
REPS2	1
RERE	26
RERGL	1
REST	17
RET	463
RETN	6
RETREG1	6
RETREG2	2
RETSAT	1
rettv1	3
REV1	12
REV3L	10
REXO1	1
RFC1	4
RFC2	4
RFC5	1
RFLNA	2
RFNG	2
RFT1	17
RFWD3	2
RFX2	4
RFX3	15
RFX5	13
RFX6	35
RFX7	4
RFX8	2
RFXANK	23
rfxanktv2	1
RFXAP	10
RGL1	4
RGL2	1
RGMA	3
RGMB	1
RGN	1
RGPD4	1
RGR	11
RGS11	1
RGS12	3
RGS2	13
RGS20	1
RGS22	1
RGS4	1
RGS6	5
RGS7	2
RGS9	3
RGS9BP	7
RGSL1	1
RHAG	29
RHBDD2	1
RHBDF1	2
RHBDF2	5
RHCE	96
RHCG	1
RHD	376
RHEB	2
RHNO1	4
RHO	230
RHOA	1
RHOB	3
RHOBTB2	6
RHOG	1
RHOH	1
RHOT2	1
RHOXF2	3
RHOXF2B	1
RHPN2	3
RIC1	11
RIC3	3
RIC8A	1
RIC8B	1
RICTOR	3
RIF1	2
RILPL2	1
RIMBP2	4
RIMKLA	1
RIMS1	20
rims1tv3	1
rims1tv5	4
RIMS2	2
RIMS3	4
RIN1	1
RIN2	4
RIN3	8
RING1	1
RINL	1
RINT1	16
RIPK1	9
RIPK2	4
RIPK3	1
RIPK4	17
RIPOR1	2
RIPOR2	2
RIPOR3	1
RIPPLY1	3
RIPPLY2	3
RIPPLY3	4
RIT1	27
RLBP1	37
RLIM	10
RMI1	2
RMI2	1
RMND1	17
RMRP	123
RNA18S5	1
RNASE11	1
RNASE13	1
RNASE3	2
RNASE4	1
RNASEH1	6
RNASEH2A	23
RNASEH2B	43
RNASEH2C	15
RNASEL	11
RNASET2	14
RND2	1
RNF113A	1
RNF114	4
RNF115	2
RNF123	2
RNF125	4
RNF128	1
rnf128i2	1
RNF13	2
RNF135	8
RNF139	3
RNF144A	1
RNF145	1
RNF146	1
RNF151	2
RNF168	6
RNF170	1
RNF186	2
RNF19A	3
RNF20	1
RNF207	3
RNF212	2
RNF213	113
RNF216	15
RNF220	2
RNF25	1
RNF26	1
RNF31	3
RNF32	1
RNF38	1
RNF43	13
RNF5	1
RNF6	1
RNF8	1
RNFT2	2
RNH1	1
RNLS	3
RNPC3	2
RNPEPL1	2
RNU12	1
RNU4ATAC	29
RO60	1
ROBO1	23
ROBO2	22
ROBO3	46
ROBO4	14
ROCK1	6
ROCK2	7
ROGDI	13
ROM1	19
ROPN1L	2
ROR1	2
ROR2	41
RORA	18
RORB	12
RORC	5
ROS1	7
RP1	209
RP1-140A9.1	1
rp11-115d19.1	1
rp11-462g12.2	1
RP1L1	56
RP2	133
RP9	4
RPA1	4
RPA2	1
RPA3	1
RPA4	1
RPAP1	1
RPE65	234
RPF1	1
RPGR	261
rpgr11a	1
RPGRIP1	162
RPGRIP1L	53
rpgrtvx1	1
RPH3A	4
RPH3AL	1
RPIA	8
RPL10	6
RPL10A	1
RPL11	56
RPL14	1
RPL15	10
RPL18	1
RPL19	3
RPL21	2
RPL24	2
RPL26	1
RPL27	2
RPL3	2
RPL31	2
RPL34	2
RPL35	1
RPL35A	22
RPL36	1
RPL4	1
RPL5	101
RPL7	1
RPL9	2
RPLP0	1
RPLP1	1
RPN1	1
RPN2	1
RPP40	1
RPRD2	1
RPS10	8
RPS11	1
RPS15	1
RPS15A	1
RPS17	21
RPS19	182
RPS20	1
RPS23	2
RPS24	10
rps24id	4
RPS26	37
RPS27	1
RPS27A	1
RPS28	1
RPS29	4
RPS3	1
RPS6KA1	3
RPS6KA2	1
RPS6KA3	179
RPS6KA6	1
RPS6KB2	9
RPS6KC1	2
RPS7	10
RPSA	8
RPTN	2
RPTOR	6
RPUSD3	1
RPUSD4	1
RRAD	5
RRAGA	3
RRAGC	3
RRAS	3
RRAS2	6
RREB1	13
RRH	1
RRM1	2
RRM2B	47
RRN3	1
RRP12	1
RRP15	1
RRP1B	4
RRP8	4
RS1	303
RSAD1	3
RSF1	2
RSL1D1	1
RSL24D1	1
RSPH1	10
RSPH3	5
RSPH4A	26
RSPH6A	1
RSPH9	13
RSPO1	7
RSPO2	2
RSPO4	19
RSPRY1	4
RSRC1	3
RSRC2	1
RTCA	1
RTEL1	95
RTEL1-TNFRSF6B	1
rtel1at	41
RTF1	2
RTKN2	3
RTL1	2
RTL4	1
RTN2	5
RTN3	3
RTN4IP1	14
RTN4R	11
RTN4RL1	6
RTN4RL2	1
RTP1	1
RTTN	30
RUBCN	4
RUBCNL	1
RUFY2	2
rufy2tv2	1
RUFY3	2
RUNDC1	3
RUNDC3A	1
RUNDC3B	2
RUNX1	113
runx1aml1b	8
RUNX1T1	5
RUNX2	226
RUNX3	5
RUSC1	1
RUSC2	4
RUVBL1	1
RUVBL2	1
RXFP2	3
RXRA	2
RXRB	1
RXRG	6
RXYLT1	8
RYBP	2
RYK	1
RYR1	754
RYR2	480
RYR3	23
S100A13	1
S100A14	1
S100A3	2
S100A4	1
S100B	2
S1PR1	6
S1PR2	3
S1PR3	3
S1PR4	2
SAA1	3
SAA2	2
SAA4	2
SACS	293
SAE1	3
SAFB2	1
SAG	18
SAGE1	1
SALL1	91
SALL2	3
SALL4	67
SAMD11	5
SAMD12	1
samd4atv1	1
SAMD7	1
SAMD9	46
SAMD9L	40
SAMHD1	60
SAP130	2
SAP30BP	1
SAPCD1	1
SAPCD2	3
SAR1B	20
SARDH	7
SARS	3
SARS2	6
SART1	2
SART3	1
SASH1	12
SASS6	6
SAT1	2
SATB2	157
SATL1	2
SAXO1	1
SBDS	90
SBF1	17
SBF2	47
SBNO1	3
SBNO2	1
SBSPON	1
SC5D	6
SCAF11	2
SCAF4	2
SCAMP2	1
SCAP	3
SCAPER	19
SCARA3	1
SCARB1	18
scarb1tv2	1
SCARB2	28
SCARF2	14
SCD	1
SCFD2	1
SCG2	2
SCG3	3
SCGB1A1	1
SCGB1D2	1
SCGB3A2	3
SCGN	4
SCHIP1	1
SCLT1	6
SCMH1	2
SCN10A	100
SCN11A	21
SCN1A	1910
SCN1B	37
scn1bb	13
SCN2A	366
scn2atv3	2
SCN2B	8
SCN3A	19
SCN3B	7
scn3btv2	1
SCN4A	138
SCN4B	11
SCN5A	963
scn5aib	3
scn5aie	1
SCN8A	163
SCN9A	137
SCNM1	2
SCNN1A	51
SCNN1B	61
SCNN1D	3
SCNN1G	28
SCO1	6
SCO2	37
SCP2	5
SCRIB	16
SCRN1	1
SCT	1
SCUBE1	1
SCUBE2	4
scube2tv2	1
SCUBE3	1
SCYL1	14
SCYL2	1
SDC1	1
SDC2	1
SDC3	4
SDCCAG8	19
SDF4	1
SDHA	105
SDHAF1	6
SDHAF2	6
SDHAF3	2
SDHB	298
SDHC	71
sdhctv2	2
SDHD	179
SDK1	2
SDK2	3
SDR39U1	1
SDR9C7	10
SEBOX	1
SEC14L1	1
SEC14L5	1
SEC16A	4
SEC16B	1
SEC23A	4
SEC23B	129
SEC23IP	1
SEC24A	2
SEC24B	4
SEC24D	14
SEC31A	2
sec31atv10	1
SEC31B	1
SEC61A1	4
SEC61B	2
SEC63	33
SECISBP2	15
SECTM1	1
SEL1L	4
SEL1L3	1
SELE	4
SELENBP1	4
SELENOF	1
SELENOI	3
SELENON	72
SELENOO	1
SELENOP	5
SELENOS	1
SELL	4
SELP	6
SELPLG	4
SEM1	9
SEMA3A	33
SEMA3B	1
SEMA3C	5
SEMA3D	20
SEMA3E	8
SEMA3F	4
SEMA3G	3
SEMA4A	17
SEMA4C	1
SEMA4D	18
SEMA4G	1
SEMA5A	11
SEMA5B	1
SEMA6A	3
SEMA6B	4
SEMA6D	5
sema6di1	1
SEMA7A	11
SEMG1	4
SEMG2	1
SENP1	1
SENP2	1
SENP5	2
SEPSECS	16
SEPT12	6
SEPT6	1
SEPT8	1
SEPT9	11
SEPTIN14	2
SERAC1	55
SERINC2	3
SERPINA1	123
SERPINA10	5
SERPINA11	1
SERPINA12	3
SERPINA3	8
SERPINA5	1
SERPINA6	20
SERPINA7	49
SERPINB11	3
SERPINB2	1
SERPINB3	1
SERPINB4	2
SERPINB5	1
SERPINB6	3
SERPINB7	13
SERPINB8	3
SERPINC1	441
SERPIND1	7
SERPINE1	7
SERPINF1	49
SERPINF2	10
SERPING1	573
SERPINH1	13
SERPINI1	9
SERPINI2	1
SERTAD1	1
SESN2	1
SESTD1	1
SET	8
SETBP1	53
setbp1tvb	1
SETD1A	20
SETD1B	10
SETD2	21
SETD4	1
SETD5	40
SETD6	2
SETD9	2
SETDB1	4
SETDB2	4
setdb2i3	1
SETMAR	1
SETX	235
setxat	2
SEZ6	11
SEZ6L	1
SEZ6L2	1
SF1	3
SF3A1	1
SF3A2	1
SF3A3	1
SF3B1	4
SF3B2	2
SF3B4	40
SFI1	1
SFMBT1	3
SFPQ	2
SFRP1	1
SFRP4	5
SFTPA1	7
SFTPA2	8
SFTPB	32
SFTPC	88
SFTPD	3
SFXN4	6
SGCA	124
SGCB	74
SGCD	39
sgcdp	1
SGCE	122
sgcetv1	2
SGCG	77
SGCZ	3
SGF29	1
SGIP1	1
SGK1	1
sgk1tv2	1
SGK2	1
SGMS1	1
SGMS2	3
SGO1	1
SGO2	1
SGPL1	20
SGPP1	1
SGPP2	1
SGSH	152
SGSM1	2
SGSM2	2
SGSM3	4
SGTB	1
SH2B1	25
sh2b1g	1
SH2B3	18
SH2D1A	132
SH2D3C	2
SH3BP2	16
SH3BP4	2
SH3BP5	1
SH3D19	2
SH3GL1	1
SH3GL2	1
SH3GL3	1
SH3KBP1	1
SH3PXD2B	24
sh3pxd2btv2	1
SH3RF3	2
SH3TC2	106
SHANK1	14
SHANK2	74
shank2tv2	3
SHANK3	238
shank3e11	6
SHARPIN	2
SHB	1
SHBG	15
SHC4	1
SHH	226
SHKBP1	2
SHLD2	1
SHMT1	4
SHOC2	9
SHOX	437
SHOX2	6
shoxb	6
SHPK	2
SHPRH	2
SHROOM1	1
SHROOM2	9
SHROOM3	13
SHROOM4	11
SHTN1	1
SI	41
SIAE	18
SIAH1	2
SIGIRR	4
SIGLEC1	3
SIGLEC11	1
SIGLEC12	1
SIGLEC14	1
SIGLEC15	1
SIGLEC16	1
SIGLEC5	1
SIGMAR1	23
SIK1	9
SIK3	2
SIL1	51
SIM1	59
SIN3A	20
SIN3B	3
SIPA1	1
SIPA1L1	2
SIPA1L3	5
SIRPA	1
SIRPB1	3
SIRPG	2
SIRT1	20
SIRT1-AS	1
SIRT2	8
SIRT3	15
SIRT5	5
SIRT6	2
SIX1	21
SIX2	10
SIX3	91
SIX4	2
SIX5	11
SIX6	11
SKA1	1
SKA3	1
SKI	40
SKIDA1	2
SKIL	4
SKIV2L	36
SKOR2	1
SLAIN1	1
SLAIN2	1
SLAMF1	1
SLAMF9	1
SLBP	2
SLC10A1	8
SLC10A2	9
SLC10A5	4
SLC10A6	1
SLC10A7	8
SLC11A1	11
SLC11A2	10
slc11a2i1	1
SLC12A1	101
SLC12A2	7
SLC12A3	542
SLC12A4	3
slc12a4tv4	1
SLC12A5	17
SLC12A6	22
SLC12A7	2
SLC12A9	1
SLC13A1	5
SLC13A2	7
SLC13A3	3
SLC13A4	3
SLC13A5	22
SLC14A1	30
SLC14A2	3
SLC15A1	2
SLC15A4	4
SLC16A1	15
SLC16A10	1
SLC16A11	2
SLC16A12	18
SLC16A2	110
SLC16A3	2
SLC16A5	1
SLC16A7	1
SLC16A8	1
SLC16A9	1
SLC17A1	3
SLC17A3	6
SLC17A4	2
SLC17A5	56
SLC17A7	1
SLC17A8	8
SLC17A9	4
SLC18A1	7
SLC18A2	9
SLC18A3	7
SLC19A1	4
SLC19A2	63
SLC19A3	41
SLC1A1	12
SLC1A2	8
SLC1A3	19
SLC1A4	9
SLC1A5	1
SLC20A1	3
SLC20A2	131
SLC22A1	20
SLC22A10	1
SLC22A11	3
SLC22A12	55
SLC22A14	2
SLC22A16	1
SLC22A18	1
SLC22A2	8
SLC22A20P	1
SLC22A23	3
SLC22A24	1
SLC22A25	2
SLC22A3	10
SLC22A4	13
SLC22A5	166
SLC22A6	3
SLC22A9	2
SLC23A1	2
SLC23A2	2
SLC24A1	27
SLC24A2	4
SLC24A3	1
SLC24A4	6
SLC24A5	29
SLC25A1	25
SLC25A10	4
SLC25A11	6
SLC25A12	7
SLC25A13	119
SLC25A15	42
SLC25A16	2
SLC25A19	10
SLC25A20	43
SLC25A21	2
SLC25A22	16
SLC25A23	1
SLC25A24	2
SLC25A26	4
SLC25A29	1
SLC25A3	6
SLC25A30	1
SLC25A32	3
SLC25A38	30
SLC25A39	1
SLC25A4	17
SLC25A40	2
SLC25A42	2
SLC25A43	3
SLC25A46	18
slc25a46tv2	1
SLC25A5	3
SLC25A53	1
SLC25A6	2
SLC26A1	6
SLC26A2	57
SLC26A3	98
SLC26A4	587
slc26a4tv	1
SLC26A5	9
SLC26A6	3
SLC26A7	6
SLC26A8	5
SLC26A9	8
SLC27A1	1
SLC27A4	26
SLC27A5	1
SLC28A1	5
SLC28A2	5
SLC28A3	1
SLC29A1	7
SLC29A2	2
SLC29A3	32
SLC29A4	6
SLC2A1	325
SLC2A10	37
SLC2A13	1
SLC2A2	89
SLC2A3	3
SLC2A4	3
SLC2A4RG	2
SLC2A5	2
SLC2A9	32
SLC30A10	22
SLC30A2	29
SLC30A3	4
SLC30A4	1
SLC30A5	1
SLC30A6	1
SLC30A7	1
SLC30A8	5
SLC30A9	2
SLC31A1	3
SLC33A1	7
SLC34A1	39
SLC34A2	20
SLC34A3	47
SLC35A1	6
SLC35A2	66
slc35a2tv2	1
SLC35A3	5
SLC35B2	1
SLC35C1	8
SLC35C2	1
SLC35D1	7
SLC35D3	2
SLC35E1	1
SLC35E3	1
SLC35F1	1
SLC35F5	2
SLC35G2	1
SLC35G5	1
SLC36A2	2
SLC36A4	1
SLC37A3	1
SLC37A4	116
SLC38A3	1
SLC38A8	18
SLC39A11	1
SLC39A12	2
SLC39A13	9
SLC39A14	9
SLC39A2	1
SLC39A4	52
SLC39A5	8
SLC39A6	1
SLC39A7	8
SLC39A8	8
SLC3A1	247
SLC3A2	2
SLC40A1	67
SLC41A1	6
SLC41A2	3
SLC41A3	1
SLC44A1	2
SLC44A2	2
SLC44A4	1
SLC45A1	4
SLC45A2	168
SLC45A3	1
SLC45A4	1
SLC46A1	23
SLC47A1	14
SLC47A2	8
SLC48A1	1
SLC49A3	2
SLC49A4	1
SLC4A1	162
SLC4A10	11
SLC4A11	111
SLC4A2	2
SLC4A3	4
SLC4A4	22
SLC4A7	5
SLC4A8	1
SLC51B	1
SLC52A1	3
SLC52A2	32
SLC52A3	45
SLC5A1	62
SLC5A10	2
SLC5A11	1
SLC5A12	2
SLC5A2	102
SLC5A4	1
SLC5A5	21
SLC5A6	4
SLC5A7	22
SLC5A9	6
SLC6A1	56
SLC6A11	1
SLC6A12	1
SLC6A13	4
slc6a13tv3	1
SLC6A14	3
SLC6A15	2
SLC6A17	4
SLC6A18	4
SLC6A19	27
SLC6A2	12
SLC6A20	2
SLC6A3	47
SLC6A4	22
SLC6A5	35
SLC6A6	2
SLC6A8	140
SLC6A9	5
SLC7A1	1
SLC7A10	3
SLC7A11	1
SLC7A13	2
SLC7A14	9
SLC7A2	3
SLC7A3	4
SLC7A5	3
SLC7A6	2
SLC7A6OS	1
SLC7A7	69
SLC7A8	6
SLC7A9	160
SLC8A1	2
SLC8A2	1
SLC8A3	1
SLC8B1	3
SLC9A1	8
SLC9A3	16
SLC9A3R1	9
SLC9A4	1
SLC9A6	34
slc9a6tv1	17
SLC9A7	1
SLC9A9	14
SLC9C1	1
SLCO1A2	11
SLCO1B1	26
SLCO1B3	10
SLCO1B7	3
SLCO1C1	3
SLCO2A1	82
SLCO2B1	4
SLCO4A1	2
SLCO4C1	2
SLF2	1
SLFN11	1
SLFN13	4
SLFN14	6
SLFN5	3
SLIT1	1
SLIT2	12
SLIT3	9
SLITRK1	11
SLITRK2	1
SLITRK4	2
SLITRK5	9
SLITRK6	6
SLK	2
SLMAP	5
SLTM	1
SLURP1	25
SLX4	80
SMAD1	3
SMAD2	19
SMAD3	131
SMAD4	151
SMAD6	51
SMAD7	10
smad7tv4	1
SMAD9	25
SMAP2	2
SMARCA1	5
SMARCA2	90
SMARCA4	65
SMARCA5	1
SMARCAD1	3
smarcad1v4	9
SMARCAL1	94
SMARCB1	123
SMARCC1	11
SMARCC2	15
smarcc2tv3	1
SMARCD1	7
SMARCD2	1
SMARCE1	16
SMC1A	111
SMC1B	5
SMC2	2
SMC3	30
SMC4	2
SMC5	1
SMC6	1
SMCHD1	139
SMDT1	1
SMG1	1
SMG6	4
SMG7	2
SMG8	1
SMG9	3
SMIM1	4
SMN1	117
SMN2	9
SMNDC1	1
SMO	12
SMOC1	17
SMOC2	2
SMPD1	260
SMPD3	1
SMPX	17
SMS	15
SMTN	1
SMTNL1	1
SMTNL2	1
SMU1	1
SMUG1	1
SMURF1	3
SMURF2	2
SMYD1	3
SMYD3	3
SMYD4	1
SMYD5	1
SNAI1	2
SNAI2	4
SNAI3	1
SNAP23	1
SNAP25	8
snap25b	2
SNAP29	14
SNAP91	1
SNAPC3	1
SNAPC4	1
SNAPC5	1
SNCA	41
SNCAIP	6
SNCB	2
SND1	5
SNHG14	1
SNIP1	1
snora18l5	1
SNORD116@	9
SNORD118	40
SNORD50A	1
SNRK	1
SNRNP200	38
SNRPA	2
SNRPB	7
SNRPC	1
SNRPE	2
SNRPN	26
SNTA1	19
SNTG1	3
SNTG2	2
SNUPN	1
SNURF	2
SNW1	1
SNX1	1
SNX10	14
SNX11	1
SNX13	1
SNX14	20
SNX19	5
SNX2	1
SNX22	1
SNX27	1
SNX3	2
SNX31	1
SNX32	2
SNX5	2
SNX8	2
SOAT1	1
SOAT2	2
SOBP	1
SOCS1	2
SOCS3	4
SOCS4	2
SOD1	224
SOD2	5
SOD3	3
SOGA3	2
SOHLH1	10
SOHLH2	7
SON	32
sontvf	1
SORBS1	3
SORBS2	1
SORBS3	1
SORCS1	7
SORCS3	2
SORL1	154
SORT1	18
SOS1	109
SOS2	7
SOST	20
SOX10	172
SOX11	16
SOX13	1
SOX15	1
SOX17	25
SOX18	7
SOX2	110
SOX3	31
SOX30	1
SOX4	7
SOX5	30
sox5tv2	4
SOX6	6
SOX7	4
SOX8	14
SOX9	157
SP1	1
SP100	1
SP110	13
SP140	1
SP2	2
SP3	2
SP4	1
SP7	3
SP8	2
SPACA3	1
SPAG1	12
SPAG16	3
SPAG17	5
SPAG5	3
SPAG7	1
SPAG9	4
SPANXA2	1
SPANXC	2
SPANXN5	1
SPARC	5
SPARCL1	1
SPART	9
SPAST	748
SPATA13	5
SPATA16	2
SPATA17	1
SPATA2	1
SPATA21	1
SPATA22	1
SPATA32	1
SPATA5	31
SPATA5L1	2
SPATA7	41
SPATA8	1
SPATC1	1
SPATC1L	6
SPATS2L	1
SPC24	1
SPDEF	1
SPDL1	1
SPDYC	2
SPECC1L	15
SPEF1	1
SPEG	18
SPEM2	1
SPEN	9
SPERT	1
SPG11	312
SPG21	3
SPG7	134
SPHK2	1
SPI1	4
SPIB	1
SPICE1	1
SPIDR	1
SPIN1	1
SPIN3	1
SPINK1	58
SPINK2	2
SPINK5	93
SPINK7	1
SPINT2	14
SPO11	1
SPOCK1	1
SPOP	1
SPOUT1	2
SPP1	8
SPP2	3
SPPL2A	2
SPPL2C	7
SPPL3	1
SPR	28
SPRED1	93
SPRED2	3
SPRN	1
SPRR1A	1
SPRR2A	1
SPRR3	1
SPRTN	3
SPRY1	3
SPRY2	4
SPRY3	2
SPRY4	12
SPSB1	1
SPTA1	102
SPTAN1	55
SPTB	150
SPTBN1	2
SPTBN2	40
SPTBN4	11
SPTBN5	4
SPTLC1	12
SPTLC2	17
SPTLC3	1
SPTY2D1	1
SQLE	1
SQSTM1	108
SRA1	6
SRBD1	1
SRC	3
SRCAP	54
SRCIN1	1
SRD5A2	139
SRD5A3	16
SREBF1	4
SREBF2	4
SREK1	2
SRF	1
SRGAP1	5
SRGAP2	2
SRGAP3	9
SRI	2
SRL	1
SRP54	8
SRP72	5
SRPK2	4
SRPK3	1
SRPRA	1
SRPX	1
SRPX2	4
SRR	2
SRRM1	1
SRRM2	5
SRRM4	1
SRRT	1
SRSF11	2
SRSF2	1
SRSF6	1
SRSF7	1
SRY	111
SS18	1
SS18L1	5
SSBP1	4
SSBP2	2
SSBP3	2
SSC5D	1
SSH1	5
SSH2	3
SSPN	2
SSPO	3
SSR3	1
SSR4	8
SSRP1	1
SST	1
SSTR1	1
SSTR2	3
SSTR3	1
SSTR5	5
SSUH2	1
SSX1	2
SSX3	1
SSX7	1
ST14	10
ST18	1
ST3GAL3	5
ST3GAL5	8
ST3GAL6	2
ST5	6
ST6GAL2	2
ST6GALNAC5	2
ST7	2
ST8SIA1	2
ST8SIA2	2
STAB1	5
STAB2	3
STAC2	3
STAC3	5
STAG1	24
STAG2	28
STAG3	13
STAM	3
STAMBP	20
STAMBPL1	1
STAP1	6
STAP2	1
STAR	85
STARD10	3
STARD13	1
STARD3	1
STARD4	1
STARD6	1
STARD7	1
STARD8	1
STARD9	5
STAT1	137
STAT2	9
STAT3	171
STAT4	6
STAT5A	2
STAT5B	14
STAT6	5
STAU2	2
STC2	2
STEAP2	1
STEAP3	2
STEAP4	2
STH	1
STIL	18
STIM1	26
stim1i1	2
STIMATE	1
STING1	15
STK10	3
STK11	555
STK11IP	2
STK16	2
STK19	1
STK3	3
STK31	1
STK32C	1
STK36	5
STK38L	3
STK39	1
stk3i2	1
STK4	9
STKLD1	1
STMN1	1
STN1	3
STON2	2
STOX1	5
STPG3	1
STRA6	36
STRA8	1
STRADA	6
STRAP	1
STRC	95
STRIP2	2
STRN	2
STS	87
STT3A	4
STT3B	5
STUB1	35
STX11	25
STX16	6
STX18	1
STX19	1
STX1A	5
STX1B	26
STX2	1
STX3	6
STX7	1
STXBP1	250
stxbp1tv2	1
STXBP2	87
stxbp2tv3	5
STXBP3	1
STXBP4	1
STXBP5	6
STXBP5L	2
STYXL1	1
SUCLA2	32
SUCLG1	34
SUCLG2	2
SUCO	5
SUFU	51
SUGCT	7
SUGP1	1
SUGP2	1
SULF1	6
SULF2	2
SULT1A1	7
SULT1A2	1
SULT1A3	1
SULT1B1	2
SULT1C2	4
SULT1C3	1
SULT1E1	1
SULT2A1	1
SULT2B1	10
SULT4A1	1
SUMF1	55
SUMF2	1
SUMO1	2
SUMO4	1
SUN1	7
SUN2	5
SUN5	12
SUOX	29
SUPT16H	6
SUPT20H	1
SUPT3H	1
SUPT5H	1
SURF1	128
SURF6	1
SUSD1	1
SUSD4	3
SUSD4tv1	1
SUZ12	3
SV2A	5
SV2B	1
SV2C	1
SVBP	1
SVEP1	4
SVIL	4
SVOPL	2
SWAP70	1
SYBU	1
SYCE1	4
SYCE1L	1
SYCE2	1
SYCN	1
SYCP3	6
SYDE1	1
SYDE2	1
SYF2	1
SYK	10
SYMPK	2
SYN1	10
SYN2	5
SYN3	2
SYNC	1
SYNCRIP	4
syncriptv4	1
SYNDIG1	1
SYNE1	173
syne1tv1	1
SYNE2	13
SYNE4	2
SYNGAP1	178
SYNGR1	6
syngr1c	1
SYNJ1	30
synj1tv2	1
SYNJ2	1
SYNM	6
SYNPO	4
SYNPO2L	1
SYNPR	1
SYNRG	2
SYP	8
SYPL2	1
SYT1	9
SYT11	1
SYT14	3
SYT2	5
SYT7	1
SYT9	1
SYTL2	1
SYTL4	2
SYVN1	1
SZT2	37
TAAR1	4
TAAR2	1
TAAR9	1
TAB2	34
TAC1	1
TAC3	10
TACC2	8
TACO1	3
TACR3	41
TACSTD2	34
TADA1	1
TAF1	19
TAF13	5
TAF15	12
TAF1A	3
TAF1C	3
TAF1L	1
TAF2	4
TAF3	2
TAF4	2
TAF4B	1
TAF5	1
TAF6	5
TAF7L	2
TAF8	1
TAF9	2
TAF9B	2
TAFA1	1
TAGAP	2
TAL1	2
TALDO1	14
TANC1	4
TANC2	7
TANGO2	16
TANK	2
TAOK1	8
TAOK2	5
taok2tv1	1
TAOK3	3
TAP1	9
TAP2	16
TAPBP	3
TAPT1	3
TARBP1	5
TARDBP	73
TARS1	3
TARS2	3
TAS1R1	3
TAS1R2	1
TAS1R3	5
TAS2R10	1
TAS2R16	2
TAS2R19	1
TAS2R3	2
TAS2R30	1
TAS2R31	7
TAS2R38	8
TAS2R42	1
TAS2R43	2
TAS2R46	1
TAS2R50	1
TAS2R9	1
TASOR2	4
TASP1	3
TAT	36
TATDN2	1
TAX1BP3	1
TAZ	161
TBATA	1
TBC1D1	7
TBC1D10A	1
TBC1D10B	2
TBC1D14	1
TBC1D17	1
tbc1d1tv2	1
TBC1D2	1
TBC1D20	7
TBC1D22B	1
TBC1D23	9
TBC1D24	91
TBC1D25	1
TBC1D2B	7
TBC1D30	2
TBC1D31	2
TBC1D32	1
TBC1D4	3
TBC1D7	2
TBC1D8	2
TBC1D8B	3
TBC1D9	1
TBCB	1
TBCD	29
TBCE	9
TBCK	18
TBK1	146
TBL1X	9
TBL1XR1	29
TBL1Y	3
TBL3	1
TBP	20
TBPL2	1
TBR1	19
TBRG1	3
TBX1	88
TBX10	2
TBX15	5
TBX18	13
TBX19	29
TBX2	17
TBX20	38
TBX21	5
TBX22	30
TBX3	32
TBX4	98
TBX5	161
TBX6	51
TBXA2R	12
tbxa2re	1
TBXAS1	13
TBXT	16
TCAP	33
TCEA3	1
TCERG1L	2
TCF12	75
TCF19	2
TCF20	79
TCF21	5
TCF3	7
tcf3tv2	1
TCF4	176
tcf4tv3	2
tcf4tv6	1
tcf4tv8	2
TCF7	2
TCF7L1	2
TCF7L2	14
TCHH	2
TCHHL1	1
TCIRG1	147
TCL1A	1
TCN1	4
TCN2	42
TCOF1	345
TCP1	1
TCP10	1
TCP11L2	2
TCTE3	1
TCTEX1D2	6
TCTN1	10
TCTN2	15
TCTN3	13
TDG	3
TDGF1	6
TDO2	3
TDP1	4
TDP2	8
TDRD1	2
TDRD10	1
TDRD6	2
TDRD7	7
TDRD9	2
TDRG1	1
TEAD1	3
TEAD2	1
TEAD4	1
TECPR2	9
TECR	1
TECRL	4
TECTA	137
TEDC1	3
TEF	2
TEFM	1
TEK	36
TEKT1	3
TEKT2	1
TEKT4	2
TEKT5	3
TELO2	8
TENM1	5
TENM2	2
TENM3	6
TENM4	23
TENT2	2
TENT4A	1
TENT5A	4
TEP1	4
TEPP	1
TERC	87
TERF1	2
TERF2	8
TERF2IP	6
TERT	222
TESK2	4
TESMIN	1
TET1	4
TET2	14
TET3	1
TEX10	3
TEX11	10
TEX13B	1
TEX14	5
TEX15	14
TEX264	1
TEX33	1
TEX45	1
TF	34
TFAM	4
TFAP2A	45
tfap2a2	1
TFAP2B	21
TFAP2C	1
TFAP2D	1
TFAP4	2
TFB1M	2
TFB2M	1
TFCP2	2
TFDP1	2
TFE3	2
TFEB	1
TFF1	1
TFG	10
TFPI	5
TFR2	55
TFRC	3
TG	176
TGDS	7
TGFB1	36
TGFB2	48
TGFB3	35
TGFBI	73
TGFBR1	96
TGFBR2	163
tgfbr2a	4
TGFBR3	8
TGFBRAP1	1
TGIF1	28
tgif1tv1	1
TGM1	210
TGM2	10
TGM3	5
TGM4	1
TGM5	27
TGM6	27
TH	79
THADA	2
THAP1	99
THAP11	1
THAP5	1
THBD	35
THBS1	16
THBS2	4
THBS3	4
THBS4	1
THEM4	1
THEMIS	1
THG1L	7
THNSL2	1
THOC2	11
THOC6	13
THOP1	1
THPO	16
THRA	16
THRAP3	2
THRB	179
THSD1	12
THSD4	1
THSD7A	1
THSD7B	2
THUMPD1	1
THUMPD3	1
THYN1	1
TIA1	13
TIAL1	1
TIAM1	5
TIAM2	1
TICAM1	4
TIE1	1
TIFA	1
TIGD2	1
TIGD6	1
TIGD7	1
TIMELESS	3
TIMM22	2
TIMM44	3
TIMM50	7
TIMM8A	25
TIMMDC1	1
TIMP1	2
TIMP2	9
TIMP3	21
TIMP4	1
TINAG	3
TINF2	46
TIPIN	1
TIRAP	9
TJP1	5
TJP2	33
tjp2tv3	1
TJP3	1
TK2	67
TKFC	1
TKT	7
TKTL2	1
TLE1	1
TLE2	1
TLE3	1
TLE4	1
tle4tv3	1
TLE6	2
TLK1	3
TLK2	40
TLL1	7
TLL2	1
TLN1	14
TLN2	3
TLR1	12
TLR10	10
TLR2	13
TLR3	19
TLR4	19
TLR5	8
TLR6	12
TLR7	4
TLR8	4
TLR9	6
TLX2	1
TLX3	1
TM2D3	3
TM4SF19	1
TM4SF20	2
TM6SF2	2
TM7SF3	1
TM9SF3	1
TM9SF4	1
TMC1	112
TMC3	2
TMC4	2
TMC6	10
TMC8	13
TMCO1	7
TMCO3	3
TMCO5A	1
TMED4	1
TMED5	1
TMED6	1
TMED7	1
TMED7-TICAM2	2
TMEFF1	1
TMEM105	1
TMEM106B	3
TMEM107	3
TMEM114	2
TMEM115	1
TMEM120A	1
TMEM121	1
TMEM126A	4
TMEM126B	4
TMEM127	58
TMEM131L	2
TMEM132A	1
TMEM132D	9
TMEM132E	1
TMEM135	2
TMEM138	10
TMEM139	1
TMEM147	2
TMEM154	1
TMEM165	6
TMEM175	2
TMEM176A	1
TMEM178A	2
TMEM18	2
TMEM184B	1
TMEM187	2
TMEM199	5
TMEM201	2
TMEM205	1
TMEM214	2
TMEM216	8
TMEM217	1
TMEM219	1
TMEM220	1
TMEM222	1
TMEM230	7
TMEM231	19
TMEM232	1
TMEM237	12
TMEM240	9
TMEM241	1
TMEM256	1
TMEM26	2
TMEM260	3
TMEM38B	10
TMEM39A	1
TMEM39B	1
TMEM41A	1
TMEM42	1
TMEM43	26
TMEM45A	1
TMEM47	2
TMEM61	1
TMEM62	1
TMEM63A	1
TMEM63B	2
TMEM63C	1
TMEM65	1
TMEM67	175
TMEM70	23
TMEM71	1
TMEM79	1
TMEM87B	3
TMEM8A	1
TMEM9	1
TMEM92	1
TMEM94	10
TMEM98	6
TMF1	2
TMIE	10
TMLHE	8
TMPO	14
tmpotv2	2
TMPRSS11A	1
TMPRSS11D	3
TMPRSS11E	1
TMPRSS15	6
TMPRSS2	3
TMPRSS3	91
TMPRSS4	2
TMPRSS5	3
TMPRSS6	108
TMTC1	1
TMTC2	2
TMTC3	10
TMX3	7
TNC	9
TNF	12
TNFAIP1	1
TNFAIP2	1
TNFAIP3	42
TNFAIP8	1
TNFRSF10A	4
TNFRSF10B	1
TNFRSF11A	27
TNFRSF11B	25
TNFRSF13B	52
TNFRSF13C	5
TNFRSF14	2
TNFRSF1A	112
TNFRSF1B	4
TNFRSF21	1
TNFRSF25	1
TNFRSF4	2
TNFRSF6B	2
TNFRSF8	1
TNFRSF9	1
TNFSF10	3
TNFSF11	16
TNFSF12	1
TNFSF13	2
TNFSF13B	3
TNFSF14	4
TNFSF15	2
TNFSF18	2
TNFSF4	7
TNFSF8	2
TNIK	2
TNIP1	3
tnip1i3	2
TNK1	6
TNK2	4
TNK2tv1	3
TNKS	3
TNKS1BP1	1
TNN	2
TNNC1	28
TNNI1	1
TNNI2	11
TNNI3	138
TNNI3K	4
TNNT1	8
TNNT2	158
tnnt2tv1	11
TNNT3	5
TNP1	3
TNPO1	1
TNPO2	1
TNPO3	7
TNR	11
TNRC18	3
TNRC6A	4
TNRC6B	20
tnrc6btv3	1
TNRC6C	2
TNS1	6
TNS2	6
TNS3	2
TNXB	39
TOB2	1
TOE1	12
TOLLIP	2
TOM1	1
TOM1L1	1
TOMM20	1
TOMM20L	1
TOMM40	3
TONSL	40
TOP1	2
TOP1MT	5
TOP2A	1
TOP2B	7
TOP3A	7
TOP3B	11
TOPAZ1	3
TOPBP1	8
TOPORS	23
TOR1A	22
TOR1AIP1	5
TOR1AIP2	1
TOR1B	1
TOR2A	1
TOX	2
TOX3	1
TP53	621
TP53AIP1	2
TP53BP1	6
TP53BP2	5
TP53I13	1
TP53I3	1
TP53RK	5
TP53TG5	1
TP63	145
tp63dn	7
tp63i3	1
TP73	4
TPBG	1
TPCN1	1
TPCN2	4
TPGS1	1
TPH1	11
TPH2	12
TPI1	20
TPK1	17
TPM1	108
tpm1.3	2
tpm1.5b	1
tpm1.7b	4
TPM2	41
TPM3	29
TPM4	2
TPMT	36
TPO	151
TPP1	148
TPP2	12
TPPP	1
TPR	4
TPRG1	1
TPRKB	2
TPRN	12
TPSAB1	3
TPSB2	1
TPSD1	1
TPSG1	1
TPST1	1
TPTE	1
TPX2	1
TRA2A	1
TRA2B	1
TRAC	1
TRADD	3
TRAF3	2
TRAF3IP1	16
TRAF3IP2	6
TRAF6	2
TRAF7	5
TRAIP	2
TRAK1	7
TRAK2	2
TRANK1	2
TRAP1	11
TRAPPC10	2
TRAPPC11	17
TRAPPC12	3
TRAPPC2	58
trappc2i2	1
TRAPPC2L	1
TRAPPC3	1
TRAPPC6A	1
TRAPPC6B	4
TRAPPC8	1
TRAPPC9	21
TRB	1
TRBV4-3	1
TRBV9	1
TRD	2
TRDMT1	1
TRDN	13
TREH	2
TREM1	1
TREM2	57
trem2v	3
TREML2	5
TREML4	1
TRERF1	2
TREX1	72
trex1tv1	5
TREX2	1
TRG-TCC1-1	1
TRH	3
TRHR	7
TRIB1	4
TRIB2	1
TRIB3	4
tribal	1
TRIM11	1
TRIM17	1
TRIM2	8
TRIM21	1
TRIM22	7
TRIM23	1
TRIM24	1
TRIM28	24
TRIM32	21
TRIM34	1
TRIM36	1
TRIM37	24
TRIM38	1
TRIM41	4
TRIM44	1
TRIM46	1
TRIM47	1
TRIM5	7
TRIM51	1
TRIM54	7
TRIM55	9
TRIM58	2
TRIM6	2
TRIM63	12
TRIM71	2
TRIM8	8
TRIM9	3
TRIML2	2
TRIO	40
TRIOBP	44
TRIP10	1
TRIP11	22
TRIP12	39
TRIP13	2
TRIP4	3
TRIT1	8
TRMO	1
TRMT1	6
TRMT10A	8
TRMT10C	2
TRMT112	1
TRMT12	1
TRMT1L	3
TRMT2A	2
TRMT44	3
TRMT5	4
TRMU	26
TRNAU1AP	1
TRNT1	26
TRO	1
TROAP	1
TRPA1	3
TRPC3	3
TRPC4	1
TRPC5	7
TRPC6	55
TRPC7	1
TRPM1	90
TRPM2	4
TRPM3	9
trpm3tv9	1
TRPM4	47
TRPM5	2
TRPM6	72
TRPM7	7
TRPM8	1
TRPS1	148
TRPV1	8
TRPV3	18
TRPV4	87
TRPV5	4
TRPV6	11
TRRAP	47
TRU-TCA1-1	1
TSBP1	14
TSC1	423
TSC2	1323
TSC22D2	1
TSEN15	3
TSEN2	5
TSEN34	2
TSEN54	22
TSFM	12
TSG101	1
TSGA10	1
TSGA10IP	1
TSHB	14
TSHR	169
TSHZ1	5
TSHZ2	3
TSHZ3	8
TSKS	2
TSLP	3
TSNARE1	5
TSNAX	1
TSPAN1	1
TSPAN10	3
TSPAN11	1
TSPAN12	88
TSPAN17	2
TSPAN18	1
TSPAN31	1
TSPAN4	2
TSPAN5	2
TSPAN6	1
TSPAN7	12
TSPAN8	2
TSPEAR	10
TSPO	2
TSPOAP1	4
TSPY1	10
TSPYL1	8
TSPYL2	2
TSPYL5	1
TSPYL6	2
TSR1	6
TSR2	2
TSSC4	1
TSSK1B	1
TSSK2	2
TSSK4	3
TST	4
TTBK1	2
TTBK2	12
TTC1	1
TTC16	1
TTC17	1
TTC19	12
TTC21A	6
TTC21B	68
TTC22	1
ttc22tv2	1
TTC25	2
TTC27	1
TTC28	5
TTC3	1
TTC30B	1
TTC36	1
TTC37	68
TTC38	1
TTC39B	8
TTC4	1
TTC5	2
TTC6	1
TTC7A	50
TTC8	20
ttc8r	7
TTC9C	1
TTF1	4
TTF2	4
TTI1	3
TTI2	6
TTK	1
TTLL1	1
TTLL11	1
TTLL2	1
TTLL5	13
TTLL6	1
TTN	363
ttnic	589
ttnltv	118
ttnnovex1	4
ttnnovex2	38
ttnnovex3	26
ttntvn2b	61
TTPA	30
TTR	198
ttte	1
TTTY13	1
TUB	4
TUBA1A	95
TUBA1C	1
TUBA3D	2
TUBA3E	2
TUBA4A	13
TUBA8	5
TUBAL3	1
TUBB	8
TUBB1	16
TUBB2A	9
TUBB2B	39
TUBB3	31
TUBB4A	44
TUBB4B	3
TUBB6	3
TUBB8	48
TUBD1	1
TUBG1	10
TUBGCP2	1
TUBGCP3	1
TUBGCP4	6
TUBGCP5	2
TUBGCP6	11
TUFM	8
TUFT1	1
TUG1	1
TULP1	79
TULP2	1
TULP3	1
TULP4	2
TUSC1	1
TUSC2	1
TUSC3	18
TUT1	2
TUT4	2
TWIST1	218
TWIST2	9
TWNK	93
TWSG1	3
TXLNA	1
TXLNB	2
TXN2	5
TXNDC15	5
TXNDC5	1
TXNL4A	11
TXNRD1	1
TXNRD2	5
TYK2	17
TYMP	97
TYMS	5
TYR	467
TYRO3	1
TYROBP	15
TYRP1	57
TYW5	1
U2AF2	3
u2hr	19
U2SURP	2
UACA	5
UBA1	5
UBA2	2
UBA3	2
UBA5	21
UBA6	1
UBA7	2
UBAC2	1
UBALD1	3
UBAP1	12
UBAP2	5
UBAP2L	1
UBASH3A	2
UBB	1
UBC	1
UBD	2
UBE2A	27
UBE2B	7
UBE2E1	1
UBE2F	1
UBE2H	1
UBE2I	1
UBE2J2	1
UBE2L3	1
UBE2NL	1
UBE2O	1
UBE2Q1	1
UBE2QL1	1
UBE2T	7
UBE3A	251
UBE3B	28
UBE3C	4
UBE3D	1
UBE4A	3
UBE4B	1
UBIAD1	32
UBL3	1
UBN1	1
UBN2	5
UBQLN1	3
UBQLN2	32
UBQLN3	1
UBQLN4	2
UBQLNL	1
UBR1	77
UBR2	4
UBR3	6
UBR4	17
UBR5	7
UBR7	1
UBTF	3
UBXN2A	1
UBXN2B	1
UBXN6	3
UCHL1	6
UCHL3	1
UCMA	3
UCP1	7
UCP2	10
UCP3	9
UFC1	2
UFD1	4
UFL1	2
UFM1	2
UFSP1	1
UFSP2	3
UGCG	2
UGDH	2
UGGT1	4
UGP2	1
UGT1A1	164
UGT1A10	3
UGT1A3	5
UGT1A4	15
UGT1A5	1
UGT1A6	8
UGT1A7	7
UGT1A8	8
UGT1A9	9
UGT2A1	3
UGT2A3	2
UGT2B10	2
UGT2B11	1
UGT2B15	4
UGT2B17	4
UGT2B28	2
UGT2B7	8
UGT3A1	2
UGT8	2
UHMK1	1
UHRF1	1
UHRF1BP1	3
UHRF1BP1L	1
UHRF2	1
UIMC1	7
ULK1	4
ULK2	2
ULK4	15
UMOD	126
UMODL1	3
UMPS	13
UNC119	6
UNC13A	12
UNC13B	5
UNC13C	4
UNC13D	209
UNC45A	7
UNC45B	5
UNC50	1
UNC5B	1
UNC5C	9
UNC5D	1
UNC79	1
UNC80	39
UNC93A	1
UNC93B1	2
UNG	7
UNKL	2
UPB1	19
UPF1	3
UPF2	5
UPF3A	1
UPF3B	21
UPK2	2
UPK3A	7
UPK3B	1
UPP1	1
UQCC1	1
UQCC2	2
UQCC3	1
UQCRB	2
UQCRC1	2
UQCRC2	4
UQCRQ	1
URB1	3
URB2	2
URI1	1
UROC1	5
UROD	125
UROS	51
USB1	23
USF1	2
USF3	4
USH1C	56
ush1cpst	25
USH1G	36
USH2A	1348
USHBP1	1
USP1	1
USP10	1
USP11	1
USP14	2
USP15	2
USP17L2	1
USP18	1
USP19	2
USP2	1
USP24	3
USP26	24
USP27X	3
USP29	2
USP30	2
USP33	1
USP34	4
USP36	1
USP39	1
USP42	1
USP44	2
USP45	5
USP46	3
USP48	1
USP49	2
USP53	6
USP54	1
USP6	2
USP6NL	2
USP7	27
usp7tv2	2
USP8	2
USP9X	64
USP9Y	4
USPL1	1
UTF1	2
UTP20	2
UTP23	1
UTP4	1
UTP6	1
UTRN	2
UTS2	2
UTS2R	1
UVRAG	1
UVSSA	5
VAC14	9
VAMP1	7
vamp1tv3	1
VAMP2	5
VAMP4	2
VAMP7	2
VANGL1	21
VANGL2	12
VAPA	2
VAPB	10
VARS	20
VARS2	13
VASH1	2
VAV1	2
VAV2	3
VAV3	5
VAX1	4
VAX2	2
VCAM1	5
VCAN	25
VCL	40
VCP	72
VCPIP1	1
VCX2	2
VCX3A	2
VCX3B	1
VDAC3	1
VDR	72
VEGFA	18
VEGFB	1
VEGFC	7
VGF	1
VHL	632
VIL1	3
VILL	1
VIM	3
VIP	3
VIPAS39	13
VIPR1	2
VIPR2	30
VIRMA	3
VKORC1	34
VLDLR	30
VMA21	11
VN1R1	1
VN1R4	1
VNN1	4
VPREB1	1
VPS11	3
VPS13A	129
VPS13B	234
VPS13C	13
VPS13D	21
VPS16	1
VPS18	1
VPS25	1
VPS26A	4
VPS26B	1
VPS33A	1
VPS33B	63
VPS35	25
VPS35L	1
VPS36	1
VPS37A	2
VPS39	3
VPS45	4
VPS4A	2
VPS4B	1
VPS50	2
VPS51	1
VPS52	1
VPS53	5
VPS54	1
VPS8	1
VRK1	14
VRK2	3
VSIG1	2
VSIG10L	1
VSIG4	2
VSIR	1
VSTM1	1
VSTM2A	5
VSX1	26
VSX2	15
VTCN1	1
VTN	10
VWA1	1
VWA2	2
VWA3B	4
VWA5B2	1
VWA8	1
VWCE	2
VWF	1093
WAC	37
WAPL	1
WARS	6
WARS2	15
WAS	446
WASF1	3
WASF3	1
WASHC4	9
WASHC5	26
WBP2	3
WDFY3	61
WDFY4	7
WDHD1	2
WDPCP	8
WDR1	11
WDR11	18
WDR13	2
WDR19	45
WDR20	1
WDR26	38
WDR31	2
WDR34	22
WDR35	32
WDR36	39
WDR37	5
WDR4	7
WDR43	1
WDR45	102
WDR45B	4
WDR46	1
WDR48	2
WDR5	2
WDR55	1
WDR59	1
WDR6	2
WDR60	14
WDR62	57
WDR63	1
WDR64	1
WDR66	10
WDR7	2
WDR72	20
WDR73	14
WDR74	1
WDR75	1
WDR76	1
WDR78	1
WDR81	19
WDR83	1
WDR83OS	1
WDR87	2
WDR88	2
WDR90	1
WDR91	1
WDR93	1
WEE1	1
WEE2	24
WFDC1	1
WFS1	427
WHAMM	1
WHRN	35
WIF1	2
WIPF1	3
WIPI2	4
WIZ	1
WNK1	19
wnk1tv3	32
wnk1tv4	8
WNK2	1
WNK3	4
WNK4	20
WNT1	61
WNT10A	90
WNT10B	25
WNT11	1
WNT16	3
WNT2B	2
WNT3	2
WNT3A	2
WNT4	8
WNT5A	11
WNT5B	1
WNT6	4
WNT7A	11
WNT7B	2
WNT8A	2
WNT9A	1
WNT9B	16
WRAP53	11
WRN	118
WRNIP1	2
WSB1	1
WSCD2	1
WT1	194
WT1-AS	1
WWC1	6
WWC2	2
WWC3	1
WWOX	72
wwoxtv2	2
WWP1	2
WWP2	2
XAF1	1
XBP1	3
XDH	36
XG	2
XIAP	102
XIRP1	10
XIRP2	6
xirp2tv1	12
xirp2tv4	1
XIST	3
XK	43
XKR3	1
XKR4	2
XKR6	2
XKR9	1
XPA	53
XPC	101
XPNPEP1	2
XPNPEP2	5
XPNPEP3	2
XPO1	2
XPO4	2
XPO5	4
XPO6	1
XPO7	1
XPOT	2
XPR1	14
XRCC1	11
XRCC2	30
XRCC3	15
XRCC4	15
XRCC5	3
XRCC6	5
XRN2	2
XRRA1	1
XYLT1	30
XYLT2	14
YAE1	1
YAF2	1
YAP1	12
YARS	15
YARS2	25
YBEY	2
YBX2	4
YDJC	1
YEATS2	1
YES1	1
YIF1A	1
YIPF5	1
YLPM1	2
YME1L1	1
YPEL5	1
YRDC	3
YTHDC1	3
YTHDC2	13
YTHDF1	1
YTHDF2	1
YWHAB	2
YWHAE	44
YWHAG	5
YWHAZ	6
YY1	25
YY1AP1	8
ZAN	7
ZAP70	31
ZAR1	1
ZBBX	1
ZBED8	1
ZBTB1	1
ZBTB11	2
ZBTB16	2
ZBTB17	2
ZBTB18	39
ZBTB20	33
zbtb20tv3	2
ZBTB21	2
ZBTB22	1
ZBTB24	26
ZBTB33	2
ZBTB37	1
ZBTB38	4
ZBTB40	5
ZBTB41	2
ZBTB42	1
ZBTB45	1
ZBTB49	1
ZBTB7A	1
ZBTB7B	1
ZBTB7C	1
ZC3H10	1
ZC3H11A	2
ZC3H12A	1
ZC3H12B	2
ZC3H12C	2
ZC3H14	6
ZC3H3	2
ZC3H4	3
ZC3H6	2
ZC3H7A	1
ZC3H7B	1
ZC3HAV1	1
ZC3HC1	1
ZC4H2	18
ZCCHC12	2
ZCCHC13	1
ZCCHC8	1
ZDBF2	8
ZDHHC11	1
ZDHHC15	1
ZDHHC22	1
ZDHHC5	1
ZDHHC8	4
ZDHHC9	14
ZEB1	68
ZEB2	308
ZER1	2
ZFAND2B	1
ZFAND3	1
ZFAND5	1
ZFAT	5
ZFHX2	1
ZFHX3	11
ZFHX4	16
ZFP14	2
ZFP2	1
ZFP30	1
ZFP36	2
ZFP36L1	3
ZFP36L2	1
ZFP57	15
ZFP64	1
ZFP69	2
ZFP90	1
ZFPL1	1
ZFPM1	4
ZFPM2	53
ZFR	2
ZFR2	5
ZFX	1
ZFYVE16	4
ZFYVE26	48
ZFYVE27	5
ZFYVE28	1
ZFYVE9	1
ZGPAT	1
ZGRF1	3
ZHX2	1
ZHX3	11
ZIC1	10
ZIC2	126
ZIC3	45
ZKSCAN5	1
ZMAT5	1
ZMIZ1	19
ZMIZ2	1
ZMPSTE24	36
ZMYM2	4
ZMYM3	2
ZMYM5	3
ZMYM6	6
ZMYND10	17
ZMYND11	16
ZMYND15	1
ZMYND19	1
ZMYND8	1
zmynd8tv9	1
ZNF101	1
ZNF107	1
ZNF112	1
ZNF12	1
ZNF133	4
ZNF135	1
ZNF141	1
ZNF142	1
ZNF143	4
ZNF146	2
ZNF148	4
ZNF157	1
ZNF169	1
ZNF17	1
ZNF175	2
ZNF202	2
ZNF207	1
ZNF213	1
ZNF215	1
ZNF217	2
ZNF219	2
ZNF224	1
ZNF226	2
ZNF229	1
ZNF23	1
ZNF233	1
ZNF236	2
ZNF24	1
ZNF252P	1
ZNF253	1
ZNF257	1
ZNF263	1
ZNF268	3
ZNF277	1
ZNF292	32
ZNF311	1
ZNF318	1
ZNF326	1
ZNF330	1
ZNF331	1
ZNF335	20
ZNF33A	1
ZNF34	1
ZNF341	6
ZNF347	1
ZNF350	4
ZNF354B	1
ZNF362	1
ZNF365	2
znf365tvc	2
ZNF366	2
ZNF37A	1
ZNF382	1
ZNF385A	1
ZNF385B	1
ZNF404	1
ZNF407	8
ZNF408	25
ZNF41	6
ZNF418	1
ZNF419	2
ZNF420	2
ZNF423	12
ZNF426	3
ZNF433	1
ZNF44	2
ZNF440	1
ZNF445	2
ZNF45	1
ZNF451	4
ZNF454	1
ZNF460	1
ZNF462	11
ZNF467	1
ZNF469	79
znf4691ex	1
ZNF480	2
ZNF490	1
ZNF493	1
ZNF496	1
ZNF500	1
ZNF507	1
ZNF512B	6
ZNF513	3
ZNF516	1
ZNF517	1
ZNF518A	1
ZNF518B	2
ZNF519	1
ZNF521	1
ZNF526	3
ZNF527	1
ZNF530	2
ZNF532	2
ZNF534	1
ZNF536	2
ZNF541	1
ZNF543	1
ZNF548	1
ZNF550	1
ZNF551	1
ZNF555	2
ZNF559	2
ZNF565	1
ZNF574	2
ZNF577	3
ZNF582	2
ZNF589	1
ZNF592	1
ZNF594	2
ZNF596	1
ZNF598	1
ZNF600	2
ZNF605	1
ZNF607	2
ZNF614	1
ZNF620	2
ZNF624	1
ZNF626	1
ZNF627	1
ZNF628	1
ZNF630	1
ZNF638	2
ZNF644	17
ZNF646	1
ZNF664	1
ZNF665	1
ZNF668	2
ZNF674	7
ZNF676	1
ZNF681	1
ZNF683	2
ZNF687	4
ZNF7	3
ZNF704	1
ZNF710	1
ZNF711	8
ZNF713	2
ZNF721	1
ZNF727	2
ZNF74	1
ZNF740	1
ZNF750	12
ZNF75D	1
ZNF764	1
ZNF77	4
ZNF774	2
ZNF777	1
ZNF778	4
ZNF780B	1
ZNF783	1
ZNF786	1
ZNF79	1
ZNF799	2
ZNF804A	9
ZNF804B	3
ZNF808	1
ZNF81	4
ZNF813	1
ZNF816	1
ZNF831	2
ZNF844	1
ZNF853	1
ZNF860	2
ZNF862	1
ZNF92	2
ZNF93	1
ZNF99	1
ZNFX1	1
ZNHIT3	1
ZNHIT6	1
ZNRF1	1
ZNRF3	5
ZP1	11
ZP2	6
ZP3	3
ZP4	3
ZPBP	6
ZPBP2	3
ZPLD1	1
ZPR1	2
ZRANB1	2
ZRANB3	3
ZRSR2	1
ZSCAN25	1
ZSCAN29	2
ZSCAN4	1
ZSWIM2	1
ZSWIM6	2
ZSWIM7	1
ZSWIM8	1
ZSWIM9	1
ZWILCH	1
ZXDC	3
ZYX	1
ZZEF1	1
ZZZ3	1
